"NUTS_ID";"CNTR_CODE";"NUTS_Level";"NUTS2_ID";"NUTS1_ID";"NUTS_Name";"C19deaths";"pop2020";"C19deaths_per100000";"annotation"
"AT111";"AT";3;"AT11";"AT1";"Mittelburgenland";63;37384;168,521292531564;
"AT112";"AT";3;"AT11";"AT1";"Nordburgenland";258;160064;161,185525789684;
"AT113";"AT";3;"AT11";"AT1";"Südburgenland";281;96988;289,726564111024;
"AT121";"AT";3;"AT12";"AT1";"Mostviertel-Eisenwurzen";724;247347;292,706198175033;
"AT122";"AT";3;"AT12";"AT1";"Niederösterreich-Süd";732;261156;280,292239121445;
"AT123";"AT";3;"AT12";"AT1";"Sankt Pölten";431;156363;275,640656677091;
"AT124";"AT";3;"AT12";"AT1";"Waldviertel";532;216681;245,522219299339;
"AT125";"AT";3;"AT12";"AT1";"Weinviertel";192;125210;153,342384793547;
"AT126";"AT";3;"AT12";"AT1";"Wiener Umland/Nordteil";516;332957;154,974966737447;
"AT127";"AT";3;"AT12";"AT1";"Wiener Umland/Südteil";797;344573;231,300769358017;
"AT130";"AT";3;"AT13";"AT1";"Wien";4002;1911191;209,398223411475;
"AT211";"AT";3;"AT21";"AT2";"Klagenfurt-Villach";766;288814;265,222600012465;
"AT212";"AT";3;"AT21";"AT2";"Oberkärnten";405;123824;327,07714174958;
"AT213";"AT";3;"AT21";"AT2";"Unterkärnten";459;148655;308,768625340554;
"AT221";"AT";3;"AT22";"AT2";"Graz";949;447142;212,236828569;
"AT222";"AT";3;"AT22";"AT2";"Liezen";215;79652;269,924170140109;
"AT223";"AT";3;"AT22";"AT2";"Östliche Obersteiermark";535;158397;337,758922201809;
"AT224";"AT";3;"AT22";"AT2";"Oststeiermark";837;266971;313,517198497215;
"AT225";"AT";3;"AT22";"AT2";"West- und Südsteiermark";537;194992;275,39591367851;
"AT226";"AT";3;"AT22";"AT2";"Westliche Obersteiermark";330;99241;332,523856067553;
"AT311";"AT";3;"AT31";"AT3";"Innviertel";712;289509;245,933632460476;
"AT312";"AT";3;"AT31";"AT3";"Linz-Wels";1196;595637;200,793436270749;
"AT313";"AT";3;"AT31";"AT3";"Mühlviertel";488;210133;232,233870929364;
"AT314";"AT";3;"AT31";"AT3";"Steyr-Kirchdorf";359;155844;230,358563691897;
"AT315";"AT";3;"AT31";"AT3";"Traunviertel";556;239156;232,484236230745;
"AT321";"AT";3;"AT32";"AT3";"Lungau";64;20251;316,033776109822;
"AT322";"AT";3;"AT32";"AT3";"Pinzgau-Pongau";369;168822;218,573408678964;
"AT323";"AT";3;"AT32";"AT3";"Salzburg und Umgebung";724;369337;196,026934750648;
"AT331";"AT";3;"AT33";"AT3";"Außerfern";25;32838;76,1313112857056;
"AT332";"AT";3;"AT33";"AT3";"Innsbruck";482;312414;154,282458532588;
"AT333";"AT";3;"AT33";"AT3";"Osttirol";132;48738;270,835898067216;
"AT334";"AT";3;"AT33";"AT3";"Tiroler Oberland";171;104860;163,074575624642;
"AT335";"AT";3;"AT33";"AT3";"Tiroler Unterland";532;258784;205,576851737356;
"AT341";"AT";3;"AT34";"AT3";"Bludenz-Bregenzer Wald";312;92362;337,801260258548;
"AT342";"AT";3;"AT34";"AT3";"Rheintal-Bodenseegebiet";326;304777;106,96345196652;
"BE1";"BE";1;;"BE1";"Région de Bruxelles-Capitale/Brussels Hoofdstedelijk Gewest";4187;1223364;342,253000742216;
"BE2";"BE";1;;"BE2";"Vlaams Gewest";16274;6639005;245,127093593091;
"BE3";"BE";1;;"BE3";"Région wallonne";11407;3660071;311,660620791236;
"BG311";"BG";3;"BG31";"BG3";"Vidin";599;82835;723,124283213617;
"BG312";"BG";3;"BG31";"BG3";"Montana";873;127001;687,396162234943;
"BG313";"BG";3;"BG31";"BG3";"Vratsa";1022;159470;640,872891452938;
"BG314";"BG";3;"BG31";"BG3";"Pleven";1191;236305;504,009648547428;
"BG315";"BG";3;"BG31";"BG3";"Lovech";560;122546;456,971259771841;
"BG321";"BG";3;"BG32";"BG3";"Veliko Tarnovo";1264;232568;543,496955729077;
"BG322";"BG";3;"BG32";"BG3";"Gabrovo";714;106598;669,806187733353;
"BG323";"BG";3;"BG32";"BG3";"Ruse";1290;215477;598,671783995508;
"BG324";"BG";3;"BG32";"BG3";"Razgrad";574;110789;518,101977633159;
"BG325";"BG";3;"BG32";"BG3";"Silistra";731;108018;676,739062008184;
"BG331";"BG";3;"BG33";"BG3";"Varna";2203;469885;468,838119965524;
"BG332";"BG";3;"BG33";"BG3";"Dobrich";801;171809;466,215390346257;
"BG333";"BG";3;"BG33";"BG3";"Shumen";985;172262;571,803415727206;
"BG334";"BG";3;"BG33";"BG3";"Targovishte";624;110914;562,598048938818;
"BG341";"BG";3;"BG34";"BG3";"Burgas";1838;409265;449,097772836671;
"BG342";"BG";3;"BG34";"BG3";"Sliven";694;184119;376,930137574069;
"BG343";"BG";3;"BG34";"BG3";"Yambol";550;117335;468,743341713896;
"BG344";"BG";3;"BG34";"BG3";"Stara Zagora";1854;313396;591,583810897395;
"BG411";"BG";3;"BG41";"BG4";"Sofia (stolitsa)";6413;1328790;482,619526034964;
"BG412";"BG";3;"BG41";"BG4";"Sofia";1208;226671;532,930988084051;
"BG413";"BG";3;"BG41";"BG4";"Blagoevgrad";1574;302694;519,99709277356;
"BG414";"BG";3;"BG41";"BG4";"Pernik";309;119190;259,249937075258;
"BG415";"BG";3;"BG41";"BG4";"Kyustendil";904;116915;773,211307360048;
"BG421";"BG";3;"BG42";"BG4";"Plovdiv";4059;666801;608,7273414407;
"BG422";"BG";3;"BG42";"BG4";"Haskovo";1089;225317;483,319057150592;
"BG423";"BG";3;"BG42";"BG4";"Pazardzhik";1122;252776;443,871253600025;
"BG424";"BG";3;"BG42";"BG4";"Smolyan";614;103532;593,053355484295;
"BG425";"BG";3;"BG42";"BG4";"Kardzhali";483;158204;305,302015119719;
"CH011";"CH";3;"CH01";"CH0";"Vaud";1178;805098;146,317591150394;
"CH012";"CH";3;"CH01";"CH0";"Valais";820;345525;237,320020259026;
"CH013";"CH";3;"CH01";"CH0";"Genève";889;504128;176,344103084931;
"CH021";"CH";3;"CH02";"CH0";"Bern";1534;1039474;147,574638711502;
"CH022";"CH";3;"CH02";"CH0";"Freiburg";535;321783;166,261113856232;
"CH023";"CH";3;"CH02";"CH0";"Solothurn";371;275247;134,788026754152;
"CH024";"CH";3;"CH02";"CH0";"Neuchâtel";414;176496;234,566222463965;
"CH025";"CH";3;"CH02";"CH0";"Jura";103;73584;139,976081756904;
"CH031";"CH";3;"CH03";"CH0";"Basel-Stadt";297;195844;151,651314311391;
"CH032";"CH";3;"CH03";"CH0";"Basel-Landschaft";299;289468;103,292937388589;
"CH033";"CH";3;"CH03";"CH0";"Aargau";933;685845;136,036568029219;
"CH040";"CH";3;"CH04";"CH0";"Zürich";1785;1539275;115,963684201978;
"CH051";"CH";3;"CH05";"CH0";"Glarus";96;40590;236,511456023651;
"CH052";"CH";3;"CH05";"CH0";"Schaffhausen";126;82348;153,009180550833;
"CH053";"CH";3;"CH05";"CH0";"Appenzell Ausserrhoden";83;55445;149,697898818649;
"CH054";"CH";3;"CH05";"CH0";"Appenzell Innerrhoden";26;16128;161,210317460317;
"CH055";"CH";3;"CH05";"CH0";"St. Gallen";865;510734;169,364091679818;
"CH056";"CH";3;"CH05";"CH0";"Graubünden";246;199021;123,605046703614;
"CH057";"CH";3;"CH05";"CH0";"Thurgau";645;279547;230,730431734199;
"CH061";"CH";3;"CH06";"CH0";"Luzern";461;413120;111,589852827266;
"CH062";"CH";3;"CH06";"CH0";"Uri";70;36703;190,7201046236;
"CH063";"CH";3;"CH06";"CH0";"Schwyz";301;160480;187,562313060818;
"CH064";"CH";3;"CH06";"CH0";"Obwalden";58;37930;152,913261270762;
"CH065";"CH";3;"CH06";"CH0";"Nidwalden";36;43087;83,5518833987049;
"CH066";"CH";3;"CH06";"CH0";"Zug";143;127642;112,032089751022;
"CH070";"CH";3;"CH07";"CH0";"Ticino";959;351491;272,83771134965;
"CY000";"CY";3;"CY00";"CY0";"Kypros";1072;888005;120,72004099076;
"CZ010";"CZ";3;"CZ01";"CZ0";"Hlavní mesto Praha";3597;1324277;271,61991033598;
"CZ020";"CZ";3;"CZ02";"CZ0";"Stredoceský kraj";4295;1385141;310,076735870211;
"CZ031";"CZ";3;"CZ03";"CZ0";"Jihocecký kraj";2702;644083;419,511149960486;
"CZ032";"CZ";3;"CZ03";"CZ0";"Plzenský kraj";2444;589899;414,308212083764;
"CZ041";"CZ";3;"CZ04";"CZ0";"Karlovarský kraj";1655;294664;561,656666576168;
"CZ042";"CZ";3;"CZ04";"CZ0";"Ústecký kraj";3364;820965;409,761682897566;
"CZ051";"CZ";3;"CZ05";"CZ0";"Liberecký kraj";1577;443690;355,428339606482;
"CZ052";"CZ";3;"CZ05";"CZ0";"Královéhradecký kraj";2177;551647;394,636425105185;
"CZ053";"CZ";3;"CZ05";"CZ0";"Pardubický kraj";1904;522662;364,288966865776;
"CZ063";"CZ";3;"CZ06";"CZ0";"Kraj Vysocina";1754;509813;344,047719457919;
"CZ064";"CZ";3;"CZ06";"CZ0";"Jihomoravský kraj";4924;1191989;413,091060404081;
"CZ071";"CZ";3;"CZ07";"CZ0";"Olomoucký kraj";2440;632015;386,066786389564;
"CZ072";"CZ";3;"CZ07";"CZ0";"Zlínský kraj";2293;582555;393,610903691497;
"CZ080";"CZ";3;"CZ08";"CZ0";"Moravskoslezský kraj";5186;1200539;431,972638956335;
"DE111";"DE";3;"DE11";"DE1";"Stuttgart, Stadtkreis";689;635911;108,348495308306;
"DE112";"DE";3;"DE11";"DE1";"Böblingen";474;392807;120,669947327823;
"DE113";"DE";3;"DE11";"DE1";"Esslingen";813;535024;151,95580011364;
"DE114";"DE";3;"DE11";"DE1";"Göppingen";393;258145;152,240020143718;
"DE115";"DE";3;"DE11";"DE1";"Ludwigsburg";716;545423;131,274258694628;
"DE116";"DE";3;"DE11";"DE1";"Rems-Murr-Kreis";607;427248;142,072051829383;
"DE117";"DE";3;"DE11";"DE1";"Heilbronn, Stadtkreis";265;126592;209,333923154702;
"DE118";"DE";3;"DE11";"DE1";"Heilbronn, Landkreis";344;344456;99,8676173444504;
"DE119";"DE";3;"DE11";"DE1";"Hohenlohekreis";179;112655;158,892192978563;
"DE11A";"DE";3;"DE11";"DE1";"Schwäbisch Hall";340;196761;172,79847124176;
"DE11B";"DE";3;"DE11";"DE1";"Main-Tauber-Kreis";201;132399;151,813835451929;
"DE11C";"DE";3;"DE11";"DE1";"Heidenheim";301;132777;226,695888595163;
"DE11D";"DE";3;"DE11";"DE1";"Ostalbkreis";591;314025;188,201576307619;
"DE121";"DE";3;"DE12";"DE1";"Baden-Baden, Stadtkreis";104;55185;188,457008244994;
"DE122";"DE";3;"DE12";"DE1";"Karlsruhe, Stadtkreis";362;312060;116,003332692431;
"DE123";"DE";3;"DE12";"DE1";"Karlsruhe, Landkreis";709;445101;159,289689306472;
"DE124";"DE";3;"DE12";"DE1";"Rastatt";372;231420;160,746694322012;
"DE125";"DE";3;"DE12";"DE1";"Heidelberg, Stadtkreis";124;161485;76,787317707527;
"DE126";"DE";3;"DE12";"DE1";"Mannheim, Stadtkreis";484;310658;155,798337721868;
"DE127";"DE";3;"DE12";"DE1";"Neckar-Odenwald-Kreis";216;143633;150,383268468945;
"DE128";"DE";3;"DE12";"DE1";"Rhein-Neckar-Kreis";694;548355;126,560348679231;
"DE129";"DE";3;"DE12";"DE1";"Pforzheim, Stadtkreis";327;125957;259,612407408878;
"DE12A";"DE";3;"DE12";"DE1";"Calw";286;159201;179,647112769392;
"DE12B";"DE";3;"DE12";"DE1";"Enzkreis";340;199556;170,378239692116;
"DE12C";"DE";3;"DE12";"DE1";"Freudenstadt";243;118243;205,508994189931;
"DE131";"DE";3;"DE13";"DE1";"Freiburg im Breisgau, Stadtkreis";265;231195;114,621856008997;
"DE132";"DE";3;"DE13";"DE1";"Breisgau-Hochschwarzwald";333;263601;126,327290108915;
"DE133";"DE";3;"DE13";"DE1";"Emmendingen";243;166408;146,026633334936;
"DE134";"DE";3;"DE13";"DE1";"Ortenaukreis";832;430953;193,060496156193;
"DE135";"DE";3;"DE13";"DE1";"Rottweil";280;139878;200,174437724303;
"DE136";"DE";3;"DE13";"DE1";"Schwarzwald-Baar-Kreis";366;212506;172,230431140768;
"DE137";"DE";3;"DE13";"DE1";"Tuttlingen";259;140766;183,993293835159;
"DE138";"DE";3;"DE13";"DE1";"Konstanz";431;286305;150,538761111402;
"DE139";"DE";3;"DE13";"DE1";"Lörrach";419;228736;183,180609960828;
"DE13A";"DE";3;"DE13";"DE1";"Waldshut";321;171003;187,716004982369;
"DE141";"DE";3;"DE14";"DE1";"Reutlingen";455;287034;158,517806252918;
"DE142";"DE";3;"DE14";"DE1";"Tübingen, Landkreis";251;228678;109,761323782786;
"DE143";"DE";3;"DE14";"DE1";"Zollernalbkreis";244;189363;128,853049434156;
"DE144";"DE";3;"DE14";"DE1";"Ulm, Stadtkreis";117;126790;92,2785708652102;
"DE145";"DE";3;"DE14";"DE1";"Alb-Donau-Kreis";243;197076;123,302685258479;
"DE146";"DE";3;"DE14";"DE1";"Biberach";289;201282;143,579654415199;
"DE147";"DE";3;"DE14";"DE1";"Bodenseekreis";337;217470;154,96390306709;
"DE148";"DE";3;"DE14";"DE1";"Ravensburg";224;285424;78,4797354111778;
"DE149";"DE";3;"DE14";"DE1";"Sigmaringen";172;130849;131,449227735787;
"DE211";"DE";3;"DE21";"DE2";"Ingolstadt, Kreisfreie Stadt";246;137392;179,0497263305;
"DE212";"DE";3;"DE21";"DE2";"München, Kreisfreie Stadt";2041;1484226;137,512750753591;
"DE213";"DE";3;"DE21";"DE2";"Rosenheim, Kreisfreie Stadt";126;63551;198,26595962298;
"DE214";"DE";3;"DE21";"DE2";"Altötting";337;111516;302,19878761792;
"DE215";"DE";3;"DE21";"DE2";"Berchtesgadener Land";187;105929;176,533338368152;
"DE216";"DE";3;"DE21";"DE2";"Bad Tölz-Wolfratshausen";181;127917;141,498002611068;
"DE217";"DE";3;"DE21";"DE2";"Dachau";239;154899;154,294088405994;
"DE218";"DE";3;"DE21";"DE2";"Ebersberg";285;143649;198,400267318255;
"DE219";"DE";3;"DE21";"DE2";"Eichstätt";140;132881;105,357425064531;
"DE21A";"DE";3;"DE21";"DE2";"Erding";194;138182;140,394552112431;
"DE21B";"DE";3;"DE21";"DE2";"Freising";221;180007;122,773003272095;
"DE21C";"DE";3;"DE21";"DE2";"Fürstenfeldbruck";227;219311;103,505980092198;
"DE21D";"DE";3;"DE21";"DE2";"Garmisch-Partenkirchen";149;88424;168,506287885642;
"DE21E";"DE";3;"DE21";"DE2";"Landsberg am Lech";122;120302;101,411447856229;
"DE21F";"DE";3;"DE21";"DE2";"Miesbach";188;100010;187,981201879812;
"DE21G";"DE";3;"DE21";"DE2";"Mühldorf am Inn";308;115872;265,810549571941;
"DE21H";"DE";3;"DE21";"DE2";"München, Landkreis";376;350473;107,283585326116;
"DE21I";"DE";3;"DE21";"DE2";"Neuburg-Schrobenhausen";150;97303;154,157631316609;
"DE21J";"DE";3;"DE21";"DE2";"Pfaffenhofen an der Ilm";235;128227;183,268734353919;
"DE21K";"DE";3;"DE21";"DE2";"Rosenheim, Landkreis";724;261330;277,044350055485;
"DE21L";"DE";3;"DE21";"DE2";"Starnberg";170;136667;124,38994051234;
"DE21M";"DE";3;"DE21";"DE2";"Traunstein";373;177319;210,355348270631;
"DE21N";"DE";3;"DE21";"DE2";"Weilheim-Schongau";194;135478;143,196681380003;
"DE221";"DE";3;"DE22";"DE2";"Landshut, Kreisfreie Stadt";178;73411;242,470474452058;
"DE222";"DE";3;"DE22";"DE2";"Passau, Kreisfreie Stadt";150;52803;284,074768479064;
"DE223";"DE";3;"DE22";"DE2";"Straubing, Kreisfreie Stadt";131;47791;274,110188110732;
"DE224";"DE";3;"DE22";"DE2";"Deggendorf";287;119478;240,211587070423;
"DE225";"DE";3;"DE22";"DE2";"Freyung-Grafenau";222;78362;283,300579362446;
"DE226";"DE";3;"DE22";"DE2";"Kelheim";159;123058;129,207365632466;
"DE227";"DE";3;"DE22";"DE2";"Landshut, Landkreis";309;159895;193,251821507864;
"DE228";"DE";3;"DE22";"DE2";"Passau, Landkreis";590;192656;306,245328461091;
"DE229";"DE";3;"DE22";"DE2";"Regen";261;77410;337,165740860354;
"DE22A";"DE";3;"DE22";"DE2";"Rottal-Inn";351;121502;288,884133594509;
"DE22B";"DE";3;"DE22";"DE2";"Straubing-Bogen";195;101120;192,840189873418;
"DE22C";"DE";3;"DE22";"DE2";"Dingolfing-Landau";235;96683;243,062379115253;
"DE231";"DE";3;"DE23";"DE2";"Amberg, Kreisfreie Stadt";63;42207;149,264340038382;
"DE232";"DE";3;"DE23";"DE2";"Regensburg, Kreisfreie Stadt";161;153094;105,164147517212;
"DE233";"DE";3;"DE23";"DE2";"Weiden in der Oberpfalz, Kreisfreie Stadt";121;42743;283,087289146761;
"DE234";"DE";3;"DE23";"DE2";"Amberg-Sulzbach";225;103049;218,342730157498;
"DE235";"DE";3;"DE23";"DE2";"Cham";274;127998;214,065844778825;
"DE236";"DE";3;"DE23";"DE2";"Neumarkt in der Oberpfalz";251;134573;186,515868710663;
"DE237";"DE";3;"DE23";"DE2";"Neustadt an der Waldnaab";247;94450;261,514028586554;
"DE238";"DE";3;"DE23";"DE2";"Regensburg, Landkreis";260;194070;133,972278044005;
"DE239";"DE";3;"DE23";"DE2";"Schwandorf";285;147872;192,734256654404;
"DE23A";"DE";3;"DE23";"DE2";"Tirschenreuth";311;72046;431,668656136357;
"DE241";"DE";3;"DE24";"DE2";"Bamberg, Kreisfreie Stadt";154;77373;199,035839375493;
"DE242";"DE";3;"DE24";"DE2";"Bayreuth, Kreisfreie Stadt";169;74783;225,987189601915;
"DE243";"DE";3;"DE24";"DE2";"Coburg, Kreisfreie Stadt";122;41072;297,03934553954;
"DE244";"DE";3;"DE24";"DE2";"Hof, Kreisfreie Stadt";168;45825;366,612111292962;
"DE245";"DE";3;"DE24";"DE2";"Bamberg, Landkreis";265;147163;180,072436685852;
"DE246";"DE";3;"DE24";"DE2";"Bayreuth, Landkreis";228;103664;219,941348973607;
"DE247";"DE";3;"DE24";"DE2";"Coburg, Landkreis";206;86747;237,472189239974;
"DE248";"DE";3;"DE24";"DE2";"Forchheim";194;116203;166,949218178532;
"DE249";"DE";3;"DE24";"DE2";"Hof, Landkreis";257;94801;271,094186770182;
"DE24A";"DE";3;"DE24";"DE2";"Kronach";172;66743;257,704927857603;
"DE24B";"DE";3;"DE24";"DE2";"Kulmbach";163;71566;227,761786323114;
"DE24C";"DE";3;"DE24";"DE2";"Lichtenfels";168;66776;251,587396669462;
"DE24D";"DE";3;"DE24";"DE2";"Wunsiedel im Fichtelgebirge";268;72655;368,866561145138;
"DE251";"DE";3;"DE25";"DE2";"Ansbach, Kreisfreie Stadt";63;41798;150,724915067707;
"DE252";"DE";3;"DE25";"DE2";"Erlangen, Kreisfreie Stadt";134;112528;119,081473055595;
"DE253";"DE";3;"DE25";"DE2";"Fürth, Kreisfreie Stadt";308;128497;239,694311929461;
"DE254";"DE";3;"DE25";"DE2";"Nürnberg, Kreisfreie Stadt";1237;518370;238,632636919575;
"DE255";"DE";3;"DE25";"DE2";"Schwabach, Kreisfreie Stadt";139;40981;339,181571947976;
"DE256";"DE";3;"DE25";"DE2";"Ansbach, Landkreis";261;184591;141,393675748005;
"DE257";"DE";3;"DE25";"DE2";"Erlangen-Höchstadt";182;137262;132,593143040317;
"DE258";"DE";3;"DE25";"DE2";"Fürth, Landkreis";285;117853;241,826682392472;
"DE259";"DE";3;"DE25";"DE2";"Nürnberger Land";324;170792;189,704435804956;
"DE25A";"DE";3;"DE25";"DE2";"Neustadt an der Aisch-Bad Windsheim";157;101014;155,424000633576;
"DE25B";"DE";3;"DE25";"DE2";"Roth";251;126749;198,02917577259;
"DE25C";"DE";3;"DE25";"DE2";"Weißenburg-Gunzenhausen";175;94734;184,727764055144;
"DE261";"DE";3;"DE26";"DE2";"Aschaffenburg, Kreisfreie Stadt";174;71002;245,063519337484;
"DE262";"DE";3;"DE26";"DE2";"Schweinfurt, Kreisfreie Stadt";158;53426;295,736158424737;
"DE263";"DE";3;"DE26";"DE2";"Würzburg, Kreisfreie Stadt";197;127934;153,985648850188;
"DE264";"DE";3;"DE26";"DE2";"Aschaffenburg, Landkreis";299;174200;171,641791044776;
"DE265";"DE";3;"DE26";"DE2";"Bad Kissingen";200;103235;193,732745677338;
"DE266";"DE";3;"DE26";"DE2";"Rhön-Grabfeld";160;79635;200,916682363282;
"DE267";"DE";3;"DE26";"DE2";"Haßberge";151;84384;178,943875616231;
"DE268";"DE";3;"DE26";"DE2";"Kitzingen";144;91155;157,972683890077;
"DE269";"DE";3;"DE26";"DE2";"Miltenberg";215;128743;166,99937083958;
"DE26A";"DE";3;"DE26";"DE2";"Main-Spessart";252;126158;199,74952044262;
"DE26B";"DE";3;"DE26";"DE2";"Schweinfurt, Landkreis";225;115445;194,898003378232;
"DE26C";"DE";3;"DE26";"DE2";"Würzburg, Landkreis";151;162302;93,0364382447536;
"DE271";"DE";3;"DE27";"DE2";"Augsburg, Kreisfreie Stadt";658;296582;221,861070462806;
"DE272";"DE";3;"DE27";"DE2";"Kaufbeuren, Kreisfreie Stadt";113;44398;254,515969187801;
"DE273";"DE";3;"DE27";"DE2";"Kempten (Allgäu), Kreisfreie Stadt";99;69151;143,164957845873;
"DE274";"DE";3;"DE27";"DE2";"Memmingen, Kreisfreie Stadt";37;44100;83,9002267573696;
"DE275";"DE";3;"DE27";"DE2";"Aichach-Friedberg";166;134655;123,278006758011;
"DE276";"DE";3;"DE27";"DE2";"Augsburg, Landkreis";420;253468;165,70139031357;
"DE277";"DE";3;"DE27";"DE2";"Dillingen an der Donau";214;96562;221,619270520495;
"DE278";"DE";3;"DE27";"DE2";"Günzburg";207;127027;162,957481480315;
"DE279";"DE";3;"DE27";"DE2";"Neu-Ulm";271;175204;154,676833862241;
"DE27A";"DE";3;"DE27";"DE2";"Lindau (Bodensee)";107;81981;130,518046864517;
"DE27B";"DE";3;"DE27";"DE2";"Ostallgäu";266;141182;188,409287302914;
"DE27C";"DE";3;"DE27";"DE2";"Unterallgäu";251;145341;172,697311839054;
"DE27D";"DE";3;"DE27";"DE2";"Donau-Ries";254;133783;189,859698167929;
"DE27E";"DE";3;"DE27";"DE2";"Oberallgäu";182;156008;116,660684067484;
"DE300";"DE";3;"DE30";"DE3";"Berlin";4638;3669491;126,39355158522;
"DE401";"DE";3;"DE40";"DE4";"Brandenburg an der Havel, Kreisfreie Stadt";164;72184;227,197162806162;
"DE402";"DE";3;"DE40";"DE4";"Cottbus, Kreisfreie Stadt";312;99678;313,007885390959;
"DE403";"DE";3;"DE40";"DE4";"Frankfurt (Oder), Kreisfreie Stadt";196;57751;339,388062544372;
"DE404";"DE";3;"DE40";"DE4";"Potsdam, Kreisfreie Stadt";275;180334;152,494815176284;
"DE405";"DE";3;"DE40";"DE4";"Barnim";351;185244;189,479821208784;
"DE406";"DE";3;"DE40";"DE4";"Dahme-Spreewald";403;170791;235,960911289236;
"DE407";"DE";3;"DE40";"DE4";"Elbe-Elster";397;101827;389,876948157168;
"DE408";"DE";3;"DE40";"DE4";"Havelland";275;162996;168,715796706668;
"DE409";"DE";3;"DE40";"DE4";"Märkisch-Oderland";389;195751;198,721845609984;
"DE40A";"DE";3;"DE40";"DE4";"Oberhavel";414;212914;194,444705374001;
"DE40B";"DE";3;"DE40";"DE4";"Oberspreewald-Lausitz";384;109371;351,09855446142;
"DE40C";"DE";3;"DE40";"DE4";"Oder-Spree";476;178803;266,214772682785;
"DE40D";"DE";3;"DE40";"DE4";"Ostprignitz-Ruppin";213;98861;215,454021302637;
"DE40E";"DE";3;"DE40";"DE4";"Potsdam-Mittelmark";290;216566;133,908369734861;
"DE40F";"DE";3;"DE40";"DE4";"Prignitz";240;76158;315,13432600646;
"DE40G";"DE";3;"DE40";"DE4";"Spree-Neiße";328;113720;288,427717200141;
"DE40H";"DE";3;"DE40";"DE4";"Teltow-Fläming";344;169997;202,356512173744;
"DE40I";"DE";3;"DE40";"DE4";"Uckermark";255;118947;214,381194986002;
"DE501";"DE";3;"DE50";"DE5";"Bremen, Kreisfreie Stadt";599;567559;105,53968838482;
"DE502";"DE";3;"DE50";"DE5";"Bremerhaven, Kreisfreie Stadt";186;113643;163,670441646208;
"DE600";"DE";3;"DE60";"DE6";"Hamburg";2711;1847253;146,758457016987;
"DE711";"DE";3;"DE71";"DE7";"Darmstadt, Kreisfreie Stadt";211;159878;131,975631418957;
"DE712";"DE";3;"DE71";"DE7";"Frankfurt am Main, Kreisfreie Stadt";1275;763380;167,02035683408;
"DE713";"DE";3;"DE71";"DE7";"Offenbach am Main, Kreisfreie Stadt";274;130280;210,316241940436;
"DE714";"DE";3;"DE71";"DE7";"Wiesbaden, Kreisfreie Stadt";434;278474;155,849379116183;
"DE715";"DE";3;"DE71";"DE7";"Bergstraße";478;270340;176,814381889472;
"DE716";"DE";3;"DE71";"DE7";"Darmstadt-Dieburg";446;297844;149,742818388149;
"DE717";"DE";3;"DE71";"DE7";"Groß-Gerau";375;275726;136,004584261187;
"DE718";"DE";3;"DE71";"DE7";"Hochtaunuskreis";270;236914;113,96540516812;
"DE719";"DE";3;"DE71";"DE7";"Main-Kinzig-Kreis";899;420552;213,766668568929;
"DE71A";"DE";3;"DE71";"DE7";"Main-Taunus-Kreis";300;238558;125,75558145189;
"DE71B";"DE";3;"DE71";"DE7";"Odenwaldkreis";227;96703;234,739356586662;
"DE71C";"DE";3;"DE71";"DE7";"Offenbach, Landkreis";774;355813;217,529994688221;
"DE71D";"DE";3;"DE71";"DE7";"Rheingau-Taunus-Kreis";220;187160;117,546484291515;
"DE71E";"DE";3;"DE71";"DE7";"Wetteraukreis";668;308339;216,644667070984;
"DE721";"DE";3;"DE72";"DE7";"Gießen, Landkreis";414;270688;152,943610355834;
"DE722";"DE";3;"DE72";"DE7";"Lahn-Dill-Kreis";332;253319;131,060046818438;
"DE723";"DE";3;"DE72";"DE7";"Limburg-Weilburg";354;171912;205,919307552701;
"DE724";"DE";3;"DE72";"DE7";"Marburg-Biedenkopf";360;247084;145,699438247721;
"DE725";"DE";3;"DE72";"DE7";"Vogelsbergkreis";126;105643;119,269615592136;
"DE731";"DE";3;"DE73";"DE7";"Kassel, Kreisfreie Stadt";275;202137;136,046344805751;
"DE732";"DE";3;"DE73";"DE7";"Fulda";392;223145;175,670528131932;
"DE733";"DE";3;"DE73";"DE7";"Hersfeld-Rotenburg";224;120719;185,554883655431;
"DE734";"DE";3;"DE73";"DE7";"Kassel, Landkreis";297;236764;125,441367775506;
"DE735";"DE";3;"DE73";"DE7";"Schwalm-Eder-Kreis";286;179673;159,178062368859;
"DE736";"DE";3;"DE73";"DE7";"Waldeck-Frankenberg";187;156406;119,560630666343;
"DE737";"DE";3;"DE73";"DE7";"Werra-Meißner-Kreis";207;100629;205,70610857705;
"DE803";"DE";3;"DE80";"DE8";"Rostock, Kreisfreie Stadt";153;209191;73,1389017691966;
"DE804";"DE";3;"DE80";"DE8";"Schwerin, Kreisfreie Stadt";175;95653;182,952965406208;
"DE80J";"DE";3;"DE80";"DE8";"Mecklenburgische Seenplatte";239;258074;92,6090966156994;
"DE80K";"DE";3;"DE80";"DE8";"Landkreis Rostock";319;215794;147,826167548681;
"DE80L";"DE";3;"DE80";"DE8";"Vorpommern-Rügen";280;224702;124,60948278164;
"DE80M";"DE";3;"DE80";"DE8";"Nordwestmecklenburg";137;157322;87,0825440815652;
"DE80N";"DE";3;"DE80";"DE8";"Vorpommern-Greifswald";510;235623;216,447460561999;
"DE80O";"DE";3;"DE80";"DE8";"Ludwigslust-Parchim";439;211779;207,291563375028;
"DE911";"DE";3;"DE91";"DE9";"Braunschweig, Kreisfreie Stadt";298;249406;119,483893731506;
"DE912";"DE";3;"DE91";"DE9";"Salzgitter, Kreisfreie Stadt";167;104291;160,128870180552;
"DE913";"DE";3;"DE91";"DE9";"Wolfsburg, Kreisfreie Stadt";197;124371;158,397053975605;
"DE914";"DE";3;"DE91";"DE9";"Gifhorn";339;176523;192,042963239918;
"DE916";"DE";3;"DE91";"DE9";"Goslar";212;136292;155,548381416371;
"DE917";"DE";3;"DE91";"DE9";"Helmstedt";143;91297;156,631652737768;
"DE918";"DE";3;"DE91";"DE9";"Northeim";144;132285;108,8558793514;
"DE91A";"DE";3;"DE91";"DE9";"Peine";161;134801;119,435315761753;
"DE91B";"DE";3;"DE91";"DE9";"Wolfenbüttel";131;119622;109,511628295798;
"DE91C";"DE";3;"DE91";"DE9";"Göttingen";395;326041;121,150407464092;
"DE922";"DE";3;"DE92";"DE9";"Diepholz";151;217089;69,5567255825952;
"DE923";"DE";3;"DE92";"DE9";"Hameln-Pyrmont";122;148549;82,1277827518193;
"DE925";"DE";3;"DE92";"DE9";"Hildesheim";484;275817;175,47866882752;
"DE926";"DE";3;"DE92";"DE9";"Holzminden";141;70458;200,119219960828;
"DE927";"DE";3;"DE92";"DE9";"Nienburg (Weser)";204;121390;168,05338166241;
"DE928";"DE";3;"DE92";"DE9";"Schaumburg";190;157820;120,390318083893;
"DE929";"DE";3;"DE92";"DE9";"Region Hannover";1700;1157115;146,917117140474;
"DE931";"DE";3;"DE93";"DE9";"Celle";156;179011;87,1454826798353;
"DE932";"DE";3;"DE93";"DE9";"Cuxhaven";252;198038;127,24830588069;
"DE933";"DE";3;"DE93";"DE9";"Harburg";207;254431;81,3580106197751;
"DE934";"DE";3;"DE93";"DE9";"Lüchow-Dannenberg";38;48412;78,4929356357928;
"DE935";"DE";3;"DE93";"DE9";"Lüneburg, Landkreis";140;184139;76,029521176937;
"DE936";"DE";3;"DE93";"DE9";"Osterholz";86;113928;75,4862720314585;
"DE937";"DE";3;"DE93";"DE9";"Rotenburg (Wümme)";186;163782;113,56559328864;
"DE938";"DE";3;"DE93";"DE9";"Heidekreis";184;140673;130,799798113355;
"DE939";"DE";3;"DE93";"DE9";"Stade";211;204512;103,172429979659;
"DE93A";"DE";3;"DE93";"DE9";"Uelzen";194;92389;209,981707779065;
"DE93B";"DE";3;"DE93";"DE9";"Verden";150;137133;109,382861893199;
"DE941";"DE";3;"DE94";"DE9";"Delmenhorst, Kreisfreie Stadt";100;77559;128,93410178058;
"DE942";"DE";3;"DE94";"DE9";"Emden, Kreisfreie Stadt";41;49913;82,1429286959309;
"DE943";"DE";3;"DE94";"DE9";"Oldenburg (Oldenburg), Kreisfreie Stadt";62;169077;36,6696830438203;
"DE944";"DE";3;"DE94";"DE9";"Osnabrück, Kreisfreie Stadt";155;165251;93,7967092483555;
"DE945";"DE";3;"DE94";"DE9";"Wilhelmshaven, Kreisfreie Stadt";129;76089;169,538303828411;
"DE946";"DE";3;"DE94";"DE9";"Ammerland";92;124859;73,683114553216;
"DE947";"DE";3;"DE94";"DE9";"Aurich";147;189694;77,493225932291;
"DE948";"DE";3;"DE94";"DE9";"Cloppenburg";253;170682;148,228870062455;
"DE949";"DE";3;"DE94";"DE9";"Emsland";356;326954;108,883818518813;
"DE94A";"DE";3;"DE94";"DE9";"Friesland (DE)";63;98704;63,8272005187226;
"DE94B";"DE";3;"DE94";"DE9";"Grafschaft Bentheim";181;137162;131,960747145711;
"DE94C";"DE";3;"DE94";"DE9";"Leer";124;170756;72,6182388905807;
"DE94D";"DE";3;"DE94";"DE9";"Oldenburg, Landkreis";154;130890;117,656047062419;
"DE94E";"DE";3;"DE94";"DE9";"Osnabrück, Landkreis";431;358080;120,364164432529;
"DE94F";"DE";3;"DE94";"DE9";"Vechta";106;142814;74,2224151693812;
"DE94G";"DE";3;"DE94";"DE9";"Wesermarsch";164;88583;185,137103055891;
"DE94H";"DE";3;"DE94";"DE9";"Wittmund";61;56926;107,156659522889;
"DEA11";"DE";3;"DEA1";"DEA";"Düsseldorf, Kreisfreie Stadt";915;621877;147,13520519331;
"DEA12";"DE";3;"DEA1";"DEA";"Duisburg, Kreisfreie Stadt";912;498686;182,88061024372;
"DEA13";"DE";3;"DEA1";"DEA";"Essen, Kreisfreie Stadt";766;582760;131,44347587343;
"DEA14";"DE";3;"DEA1";"DEA";"Krefeld, Kreisfreie Stadt";277;227417;121,802679658952;
"DEA15";"DE";3;"DEA1";"DEA";"Mönchengladbach, Kreisfreie Stadt";336;261034;128,71886420926;
"DEA16";"DE";3;"DEA1";"DEA";"Mülheim an der Ruhr, Kreisfreie Stadt";352;170632;206,291903042806;
"DEA17";"DE";3;"DEA1";"DEA";"Oberhausen, Kreisfreie Stadt";470;210764;222,998234992693;
"DEA18";"DE";3;"DEA1";"DEA";"Remscheid, Kreisfreie Stadt";276;111338;247,893800858647;
"DEA19";"DE";3;"DEA1";"DEA";"Solingen, Kreisfreie Stadt";307;159245;192,784702816415;
"DEA1A";"DE";3;"DEA1";"DEA";"Wuppertal, Kreisfreie Stadt";649;355100;182,765418192059;
"DEA1B";"DE";3;"DEA1";"DEA";"Kleve";366;312465;117,133118909318;
"DEA1C";"DE";3;"DEA1";"DEA";"Mettmann";1029;485570;211,915892662232;
"DEA1D";"DE";3;"DEA1";"DEA";"Rhein-Kreis Neuss";567;451730;125,517455116995;
"DEA1E";"DE";3;"DEA1";"DEA";"Viersen";384;298863;128,486965599623;
"DEA1F";"DE";3;"DEA1";"DEA";"Wesel";445;459976;96,7441779571108;
"DEA22";"DE";3;"DEA2";"DEA";"Bonn, Kreisfreie Stadt";408;329673;123,75899755212;
"DEA23";"DE";3;"DEA2";"DEA";"Köln, Kreisfreie Stadt";1068;1087863;98,1741267052928;
"DEA24";"DE";3;"DEA2";"DEA";"Leverkusen, Kreisfreie Stadt";176;163729;107,494701610588;
"DEA26";"DE";3;"DEA2";"DEA";"Düren";428;264638;161,730363742168;
"DEA27";"DE";3;"DEA2";"DEA";"Rhein-Erft-Kreis";562;470615;119,418208089415;
"DEA28";"DE";3;"DEA2";"DEA";"Euskirchen";320;193656;165,241459082084;
"DEA29";"DE";3;"DEA2";"DEA";"Heinsberg";526;255555;205,82653440551;
"DEA2A";"DE";3;"DEA2";"DEA";"Oberbergischer Kreis";444;272057;163,201093888413;
"DEA2B";"DE";3;"DEA2";"DEA";"Rheinisch-Bergischer Kreis";248;283271;87,5486724726499;
"DEA2C";"DE";3;"DEA2";"DEA";"Rhein-Sieg-Kreis";784;600764;130,500496035049;
"DEA2D";"DE";3;"DEA2";"DEA";"Städteregion Aachen";866;557026;155,468505958429;
"DEA31";"DE";3;"DEA3";"DEA";"Bottrop, Kreisfreie Stadt";183;117565;155,658571853868;
"DEA32";"DE";3;"DEA3";"DEA";"Gelsenkirchen, Kreisfreie Stadt";571;259645;219,915654066129;
"DEA33";"DE";3;"DEA3";"DEA";"Münster, Kreisfreie Stadt";210;315293;66,6047137107389;
"DEA34";"DE";3;"DEA3";"DEA";"Borken";449;371339;120,913774206318;
"DEA35";"DE";3;"DEA3";"DEA";"Coesfeld";140;220586;63,4673098020727;
"DEA36";"DE";3;"DEA3";"DEA";"Recklinghausen";1370;614137;223,077261262552;
"DEA37";"DE";3;"DEA3";"DEA";"Steinfurt";486;448220;108,428896524028;
"DEA38";"DE";3;"DEA3";"DEA";"Warendorf";346;277840;124,532104808523;
"DEA41";"DE";3;"DEA4";"DEA";"Bielefeld, Kreisfreie Stadt";560;334195;167,566839719325;
"DEA42";"DE";3;"DEA4";"DEA";"Gütersloh";482;364938;132,077229556801;
"DEA43";"DE";3;"DEA4";"DEA";"Herford";337;250578;134,489061290297;
"DEA44";"DE";3;"DEA4";"DEA";"Höxter";205;140251;146,166515746768;
"DEA45";"DE";3;"DEA4";"DEA";"Lippe";614;347514;176,683529296661;
"DEA46";"DE";3;"DEA4";"DEA";"Minden-Lübbecke";464;310409;149,480201927135;
"DEA47";"DE";3;"DEA4";"DEA";"Paderborn";220;307839;71,4659286185311;
"DEA51";"DE";3;"DEA5";"DEA";"Bochum, Kreisfreie Stadt";432;365587;118,166127351355;
"DEA52";"DE";3;"DEA5";"DEA";"Dortmund, Kreisfreie Stadt";541;588250;91,9677008074798;
"DEA53";"DE";3;"DEA5";"DEA";"Hagen, Kreisfreie Stadt";491;188686;260,220684099509;
"DEA54";"DE";3;"DEA5";"DEA";"Hamm, Kreisfreie Stadt";282;179916;156,739811912226;
"DEA55";"DE";3;"DEA5";"DEA";"Herne, Kreisfreie Stadt";372;156449;237,777167000109;
"DEA56";"DE";3;"DEA5";"DEA";"Ennepe-Ruhr-Kreis";563;324106;173,708601506914;
"DEA57";"DE";3;"DEA5";"DEA";"Hochsauerlandkreis";272;259777;104,705189450952;
"DEA58";"DE";3;"DEA5";"DEA";"Märkischer Kreis";647;410222;157,719478721278;
"DEA59";"DE";3;"DEA5";"DEA";"Olpe";202;133955;150,796909409876;
"DEA5A";"DE";3;"DEA5";"DEA";"Siegen-Wittgenstein";271;276944;97,8537177191057;
"DEA5B";"DE";3;"DEA5";"DEA";"Soest";381;301785;126,248819523833;
"DEA5C";"DE";3;"DEA5";"DEA";"Unna";669;394891;169,413838249036;
"DEB11";"DE";3;"DEB1";"DEB";"Koblenz, Kreisfreie Stadt";187;114052;163,960298811069;
"DEB12";"DE";3;"DEB1";"DEB";"Ahrweiler";101;130086;77,6409452208539;
"DEB13";"DE";3;"DEB1";"DEB";"Altenkirchen (Westerwald)";141;128805;109,467800163037;
"DEB14";"DE";3;"DEB1";"DEB";"Bad Kreuznach";195;158345;123,148820613218;
"DEB15";"DE";3;"DEB1";"DEB";"Birkenfeld";152;80951;187,767908981977;
"DEB17";"DE";3;"DEB1";"DEB";"Mayen-Koblenz";231;214434;107,725453985842;
"DEB18";"DE";3;"DEB1";"DEB";"Neuwied";259;182811;141,676376148044;
"DEB1A";"DE";3;"DEB1";"DEB";"Rhein-Lahn-Kreis";122;122297;99,7571485809137;
"DEB1B";"DE";3;"DEB1";"DEB";"Westerwaldkreis";239;201904;118,373088200333;
"DEB1C";"DE";3;"DEB1";"DEB";"Cochem-Zell";95;61375;154,786150712831;
"DEB1D";"DE";3;"DEB1";"DEB";"Rhein-Hunsrück-Kreis";138;103163;133,768890009015;
"DEB21";"DE";3;"DEB2";"DEB";"Trier, Kreisfreie Stadt";60;111528;53,7981493436626;
"DEB22";"DE";3;"DEB2";"DEB";"Bernkastel-Wittlich";116;112483;103,126694700532;
"DEB23";"DE";3;"DEB2";"DEB";"Eifelkreis Bitburg-Prüm";50;99058;50,4754790122958;
"DEB24";"DE";3;"DEB2";"DEB";"Vulkaneifel";89;60646;146,753289582165;
"DEB25";"DE";3;"DEB2";"DEB";"Trier-Saarburg";135;149398;90,362655457235;
"DEB31";"DE";3;"DEB3";"DEB";"Frankenthal (Pfalz), Kreisfreie Stadt";88;48762;180,468397522661;
"DEB32";"DE";3;"DEB3";"DEB";"Kaiserslautern, Kreisfreie Stadt";229;100030;228,931320603819;
"DEB33";"DE";3;"DEB3";"DEB";"Landau in der Pfalz, Kreisfreie Stadt";66;46881;140,781979906572;
"DEB34";"DE";3;"DEB3";"DEB";"Ludwigshafen am Rhein, Kreisfreie Stadt";425;172253;246,730100491719;
"DEB35";"DE";3;"DEB3";"DEB";"Mainz, Kreisfreie Stadt";258;218578;118,035666901518;
"DEB36";"DE";3;"DEB3";"DEB";"Neustadt an der Weinstraße, Kreisfreie Stadt";64;53264;120,156203063983;
"DEB37";"DE";3;"DEB3";"DEB";"Pirmasens, Kreisfreie Stadt";97;40231;241,107603589272;
"DEB38";"DE";3;"DEB3";"DEB";"Speyer, Kreisfreie Stadt";116;50561;229,425842052175;
"DEB39";"DE";3;"DEB3";"DEB";"Worms, Kreisfreie Stadt";144;83542;172,36838955256;
"DEB3A";"DE";3;"DEB3";"DEB";"Zweibrücken, Kreisfreie Stadt";27;34193;78,963530547188;
"DEB3B";"DE";3;"DEB3";"DEB";"Alzey-Worms";196;129687;151,133112802363;
"DEB3C";"DE";3;"DEB3";"DEB";"Bad Dürkheim";222;132671;167,331217824543;
"DEB3D";"DE";3;"DEB3";"DEB";"Donnersbergkreis";117;75325;155,326916694325;
"DEB3E";"DE";3;"DEB3";"DEB";"Germersheim";210;129013;162,774294063389;
"DEB3F";"DE";3;"DEB3";"DEB";"Kaiserslautern, Landkreis";157;105979;148,142556544221;
"DEB3G";"DE";3;"DEB3";"DEB";"Kusel";109;70219;155,22864182059;
"DEB3H";"DE";3;"DEB3";"DEB";"Südliche Weinstraße";178;110521;161,055365043747;
"DEB3I";"DE";3;"DEB3";"DEB";"Rhein-Pfalz-Kreis";287;154609;185,629555847331;
"DEB3J";"DE";3;"DEB3";"DEB";"Mainz-Bingen";294;211417;139,061664861388;
"DEB3K";"DE";3;"DEB3";"DEB";"Südwestpfalz";141;94831;148,685556410878;
"DEC01";"DE";3;"DEC0";"DEC";"Regionalverband Saarbrücken";745;328714;226,640788040668;
"DEC02";"DE";3;"DEC0";"DEC";"Merzig-Wadern";148;103243;143,351123078562;
"DEC03";"DE";3;"DEC0";"DEC";"Neunkirchen";209;131408;159,046633386095;
"DEC04";"DE";3;"DEC0";"DEC";"Saarlouis";257;194319;132,256753070981;
"DEC05";"DE";3;"DEC0";"DEC";"Saarpfalz-Kreis";195;142196;137,13465920279;
"DEC06";"DE";3;"DEC0";"DEC";"St. Wendel";159;87007;182,743917156091;
"DED21";"DE";3;"DED2";"DED";"Dresden, Kreisfreie Stadt";1728;556780;310,355975430152;
"DED2C";"DE";3;"DED2";"DED";"Bautzen";1429;299758;476,717885761181;
"DED2D";"DE";3;"DED2";"DED";"Görlitz";1642;252725;649,718073004254;
"DED2E";"DE";3;"DED2";"DED";"Meißen";971;241717;401,709437068969;
"DED2F";"DE";3;"DED2";"DED";"Sächsische Schweiz-Osterzgebirge";1469;245586;598,161132963605;
"DED41";"DE";3;"DED4";"DED";"Chemnitz, Kreisfreie Stadt";850;246334;345,05995924233;
"DED42";"DE";3;"DED4";"DED";"Erzgebirgskreis";1686;334948;503,36171584843;
"DED43";"DE";3;"DED4";"DED";"Mittelsachsen";1028;304099;338,047806799759;
"DED44";"DE";3;"DED4";"DED";"Vogtlandkreis";1262;225997;558,414492227773;
"DED45";"DE";3;"DED4";"DED";"Zwickau";1515;315002;480,949327305858;
"DED51";"DE";3;"DED5";"DED";"Leipzig, Kreisfreie Stadt";830;593145;139,932057085536;
"DED52";"DE";3;"DED5";"DED";"Leipzig";535;258139;207,252681694746;
"DED53";"DE";3;"DED5";"DED";"Nordsachsen";637;197741;322,138554978482;
"DEE01";"DE";3;"DEE0";"DEE";"Dessau-Roßlau, Kreisfreie Stadt";162;80103;202,239616493764;
"DEE02";"DE";3;"DEE0";"DEE";"Halle (Saale), Kreisfreie Stadt";581;238762;243,338554711386;
"DEE03";"DE";3;"DEE0";"DEE";"Magdeburg, Kreisfreie Stadt";216;237565;90,922484372698;
"DEE04";"DE";3;"DEE0";"DEE";"Altmarkkreis Salzwedel";147;83173;176,740047852067;
"DEE05";"DE";3;"DEE0";"DEE";"Anhalt-Bitterfeld";398;158486;251,126282447661;
"DEE06";"DE";3;"DEE0";"DEE";"Jerichower Land";217;89589;242,217236491087;
"DEE07";"DE";3;"DEE0";"DEE";"Börde";215;170923;125,787635367973;
"DEE08";"DE";3;"DEE0";"DEE";"Burgenlandkreis (DE)";890;178846;497,634836675128;
"DEE09";"DE";3;"DEE0";"DEE";"Harz";510;213310;239,088650321129;
"DEE0A";"DE";3;"DEE0";"DEE";"Mansfeld-Südharz";349;134942;258,629633472158;
"DEE0B";"DE";3;"DEE0";"DEE";"Saalekreis";564;183815;306,830236922993;
"DEE0C";"DE";3;"DEE0";"DEE";"Salzlandkreis";439;189125;232,12161269002;
"DEE0D";"DE";3;"DEE0";"DEE";"Stendal";289;111190;259,915460023383;
"DEE0E";"DE";3;"DEE0";"DEE";"Wittenberg";417;124953;333,725480780774;
"DEF01";"DE";3;"DEF0";"DEF";"Flensburg, Kreisfreie Stadt";74;90164;82,0726675835145;
"DEF02";"DE";3;"DEF0";"DEF";"Kiel, Kreisfreie Stadt";226;246794;91,5743494574422;
"DEF03";"DE";3;"DEF0";"DEF";"Lübeck, Kreisfreie Stadt";137;216530;63,2706784279315;
"DEF04";"DE";3;"DEF0";"DEF";"Neumünster, Kreisfreie Stadt";87;80196;108,484213676493;
"DEF05";"DE";3;"DEF0";"DEF";"Dithmarschen";104;133193;78,0821814960246;
"DEF06";"DE";3;"DEF0";"DEF";"Herzogtum Lauenburg";156;198019;78,7803190602922;
"DEF07";"DE";3;"DEF0";"DEF";"Nordfriesland";155;165951;93,401064169544;
"DEF08";"DE";3;"DEF0";"DEF";"Ostholstein";119;200539;59,3400784884736;
"DEF09";"DE";3;"DEF0";"DEF";"Pinneberg";485;316103;153,43100192026;
"DEF0A";"DE";3;"DEF0";"DEF";"Plön";68;128686;52,8418009729108;
"DEF0B";"DE";3;"DEF0";"DEF";"Rendsburg-Eckernförde";103;274098;37,5778006406468;
"DEF0C";"DE";3;"DEF0";"DEF";"Schleswig-Flensburg";126;201156;62,6379526337768;
"DEF0D";"DE";3;"DEF0";"DEF";"Segeberg";296;277175;106,791738071615;
"DEF0E";"DE";3;"DEF0";"DEF";"Steinburg";67;131013;51,1399632097578;
"DEF0F";"DE";3;"DEF0";"DEF";"Stormarn";386;244156;158,095643768738;
"DEG01";"DE";3;"DEG0";"DEG";"Erfurt, Kreisfreie Stadt";533;213981;249,087535809254;
"DEG02";"DE";3;"DEG0";"DEG";"Gera, Kreisfreie Stadt";358;93125;384,429530201342;
"DEG03";"DE";3;"DEG0";"DEG";"Jena, Kreisfreie Stadt";145;111343;130,228213717971;
"DEG04";"DE";3;"DEG0";"DEG";"Suhl, Kreisfreie Stadt";180;36789;489,276685965914;
"DEG05";"DE";3;"DEG0";"DEG";"Weimar, Kreisfreie Stadt";157;65228;240,694180413319;
"DEG06";"DE";3;"DEG0";"DEG";"Eichsfeld";343;100006;342,979421234726;
"DEG07";"DE";3;"DEG0";"DEG";"Nordhausen";102;83416;122,278699530066;
"DEG09";"DE";3;"DEG0";"DEG";"Unstrut-Hainich-Kreis";414;102232;404,961264574693;
"DEG0A";"DE";3;"DEG0";"DEG";"Kyffhäuserkreis";241;74212;324,745324206328;
"DEG0B";"DE";3;"DEG0";"DEG";"Schmalkalden-Meiningen";653;124916;522,751288866118;
"DEG0C";"DE";3;"DEG0";"DEG";"Gotha";340;134908;252,023601269013;
"DEG0D";"DE";3;"DEG0";"DEG";"Sömmerda";243;69427;350,007921990004;
"DEG0E";"DE";3;"DEG0";"DEG";"Hildburghausen";415;63197;656,67674098454;
"DEG0F";"DE";3;"DEG0";"DEG";"Ilm-Kreis";427;106249;401,886135398921;
"DEG0G";"DE";3;"DEG0";"DEG";"Weimarer Land";129;82156;157,018355324018;
"DEG0H";"DE";3;"DEG0";"DEG";"Sonneberg";285;57717;493,788658454182;
"DEG0I";"DE";3;"DEG0";"DEG";"Saalfeld-Rudolstadt";546;103199;529,074894136571;
"DEG0J";"DE";3;"DEG0";"DEG";"Saale-Holzland-Kreis";222;82950;267,631103074141;
"DEG0K";"DE";3;"DEG0";"DEG";"Saale-Orla-Kreis";331;80312;412,142643689611;
"DEG0L";"DE";3;"DEG0";"DEG";"Greiz";370;97398;379,884597219656;
"DEG0M";"DE";3;"DEG0";"DEG";"Altenburger Land";469;89393;524,649581063394;
"DEG0P";"DE";3;"DEG0";"DEG";"Wartburgkreis";449;118974;377,393380066233;
"DK01";"DK";2;"DK01";"DK0";"Hovedstaden";2568;1846023;139,109859411286;
"DK02";"DK";2;"DK02";"DK0";"Sjælland";1047;837359;125,035976206143;
"DK03";"DK";2;"DK03";"DK0";"Syddanmark";1131;1223105;92,4695753839613;
"DK04";"DK";2;"DK04";"DK0";"Midtjylland";998;1326340;75,2446582324291;
"DK05";"DK";2;"DK05";"DK0";"Nordjylland";655;589936;111,028992975509;
"EE";"EE";0;"EE";"EE";"Estland";2599;1328976;195,564103490206;
"EL - Mount Athos (No NUTS Code)";"EL";2;"EL -";"EL";;8;;;
"EL - Under Investigation";"EL";2;"EL - Under Investigation";"EL";;184;;;
"EL - Without permanent residency in Greece";"EL";2;"EL - Without permanent residency in Greece";"EL";;0;;;
"EL30";"EL";2;"EL30";"EL3";"Attiki";9569;3738901;255,930820313242;
"EL41";"EL";2;"EL41";"EL4";"Voreio Aigaio";304;229516;132,452639467401;
"EL42";"EL";2;"EL42";"EL4";"Notio Aigaio";306;347512;88,0545132254426;
"EL43";"EL";2;"EL43";"EL4";"Kriti";885;636504;139,040760152332;
"EL51";"EL";2;"EL51";"EL5";"Anatoliki Makedonia, Thraki";1938;598613;323,748398380924;
"EL52";"EL";2;"EL52";"EL5";"Kentriki Makedonia";8761;1872102;467,976638025065;
"EL53";"EL";2;"EL53";"EL5";"Dytiki Makedonia";885;264670;334,378660218385;
"EL54";"EL";2;"EL54";"EL5";"Ipeiros";545;333265;163,533524372496;
"EL61";"EL";2;"EL61";"EL6";"Thessalia";2516;715115;351,831523601099;
"EL62";"EL";2;"EL62";"EL6";"Ionia Nisia";301;203149;148,167108870829;
"EL63";"EL";2;"EL63";"EL6";"Dytiki Ellada";1767;651065;271,401472971209;
"EL64";"EL";2;"EL64";"EL6";"Sterea Ellada";1148;556002;206,474077431376;
"EL65";"EL";2;"EL65";"EL6";"Peloponnisos";1159;572151;202,568902265311;
"ES111";"ES";3;"ES11";"ES1";"A Coruña";1522;1123550;135,463486271194;
"ES112";"ES";3;"ES11";"ES1";"Lugo";360;328169;109,699575523587;
"ES113";"ES";3;"ES11";"ES1";"Ourense";604;306872;196,824734742824;
"ES114";"ES";3;"ES11";"ES1";"Pontevedra";1043;944001;110,487171094098;
"ES120";"ES";3;"ES12";"ES1";"Asturias";2861;1018899;280,793287656578;
"ES130";"ES";3;"ES13";"ES1";"Cantabria";879;582388;150,930307629965;
"ES211";"ES";3;"ES21";"ES2";"Araba/Álava";989;329873;299,812352026386;
"ES212";"ES";3;"ES21";"ES2";"Gipuzkoa";2153;716552;300,466679319854;
"ES213";"ES";3;"ES21";"ES2";"Bizkaia";3607;1142713;315,652311647807;
"ES220";"ES";3;"ES22";"ES2";"Navarra";437;656509;66,5642055173653;
"ES230";"ES";3;"ES23";"ES2";"La Rioja";927;315931;293,418499609092;
"ES241";"ES";3;"ES24";"ES2";"Huesca";776;220607;351,756743892986;
"ES242";"ES";3;"ES24";"ES2";"Teruel";568;133300;426,106526631658;
"ES243";"ES";3;"ES24";"ES2";"Zaragoza";3470;976426;355,377673269659;
"ES300";"ES";3;"ES30";"ES3";"Madrid";18844;6747068;279,291686403635;
"ES411";"ES";3;"ES41";"ES4";"Ávila";607;158895;382,013279209541;
"ES412";"ES";3;"ES41";"ES4";"Burgos";1167;355693;328,091921966415;
"ES413";"ES";3;"ES41";"ES4";"León";1138;459236;247,802872597096;
"ES414";"ES";3;"ES41";"ES4";"Palencia";671;159906;419,621527647493;
"ES415";"ES";3;"ES41";"ES4";"Salamanca";1247;331081;376,644990198773;
"ES416";"ES";3;"ES41";"ES4";"Segovia";675;154205;437,728997114231;
"ES417";"ES";3;"ES41";"ES4";"Soria";512;89892;569,572375739777;
"ES418";"ES";3;"ES41";"ES4";"Valladolid";1932;520738;371,01191002001;
"ES419";"ES";3;"ES41";"ES4";"Zamora";713;171661;415,353516523847;
"ES421";"ES";3;"ES42";"ES4";"Albacete";1042;389874;267,265834602974;
"ES422";"ES";3;"ES42";"ES4";"Ciudad Real";1979;494178;400,462991067996;
"ES423";"ES";3;"ES42";"ES4";"Cuenca";733;199834;366,804447691584;
"ES424";"ES";3;"ES42";"ES4";"Guadalajara";790;262409;301,056747291442;
"ES425";"ES";3;"ES42";"ES4";"Toledo";2802;699259;400,709894330999;
"ES431";"ES";3;"ES43";"ES4";"Badajoz";1290;670903;192,278168379035;
"ES432";"ES";3;"ES43";"ES4";"Cáceres";1119;391076;286,13364154282;
"ES511";"ES";3;"ES51";"ES5";"Barcelona";14882;5635100;264,094692197122;
"ES512";"ES";3;"ES51";"ES5";"Girona";1924;767294;250,751341728203;
"ES513";"ES";3;"ES51";"ES5";"Lleida";922;435563;211,68005546844;
"ES514";"ES";3;"ES51";"ES5";"Tarragona";1511;814391;185,537413846666;
"ES521";"ES";3;"ES52";"ES5";"Alicante/Alacant";3566;1885559;189,121634486113;
"ES522";"ES";3;"ES52";"ES5";"Castellón/Castelló";1104;574936;192,02137281367;
"ES523";"ES";3;"ES52";"ES5";"Valencia/València";4752;2568846;184,985787392471;
"ES530";"ES";3;"ES53";"ES5";"Illes Balears";1408;1210725;116,293956100684;
"ES611";"ES";3;"ES61";"ES6";"Almería";1188;715665;165,999455052294;
"ES612";"ES";3;"ES61";"ES6";"Cádiz";1805;1254728;143,855879521299;
"ES613";"ES";3;"ES61";"ES6";"Córdoba";1403;784292;178,887455182508;
"ES614";"ES";3;"ES61";"ES6";"Granada";2098;925160;226,771585455489;
"ES615";"ES";3;"ES61";"ES6";"Huelva";500;528177;94,6652353283085;
"ES616";"ES";3;"ES61";"ES6";"Jaén";1373;629036;218,270496442175;
"ES617";"ES";3;"ES61";"ES6";"Málaga";2399;1683505;142,500319274371;
"ES618";"ES";3;"ES61";"ES6";"Sevilla";2941;1957520;150,241121418938;
"ES620";"ES";3;"ES62";"ES6";"Murcia";2356;1504869;156,558477847573;
"ES630";"ES";3;"ES63";"ES6";"Ceuta";158;84085;187,905096033775;
"ES640";"ES";3;"ES64";"ES6";"Melilla";155;84473;183,490582789767;
"ES701";"ES";3;"ES70";"ES7";"Las Palmas";757;1151178;65,7587271473221;
"ES702";"ES";3;"ES70";"ES7";"Santa Cruz de Tenerife";1029;1085814;94,7676121324647;
"FI";"FI";0;"FI";"FI";"Finnland";5012;5525292;90,7101380343338;
"FR101";"FR";3;"FR10";"FR1";"Paris";5986;2154092;277,889709446022;
"FR102";"FR";3;"FR10";"FR1";"Seine-et-Marne";2741;1426334;192,170978186035;
"FR103";"FR";3;"FR10";"FR1";"Yvelines";2407;1449520;166,054969921077;
"FR104";"FR";3;"FR10";"FR1";"Essonne";2484;1309566;189,681161545123;
"FR105";"FR";3;"FR10";"FR1";"Hauts-de-Seine";3423;1628798;210,154973176539;
"FR106";"FR";3;"FR10";"FR1";"Seine-Saint-Denis";3059;1657893;184,511304408668;
"FR107";"FR";3;"FR10";"FR1";"Val-de-Marne";3736;1411786;264,629341840761;
"FR108";"FR";3;"FR10";"FR1";"Val-d'Oise";2614;1253568;208,52478684842;
"FRB01";"FR";3;"FRB0";"FRB";"Cher";660;299153;220,622891964981;
"FRB02";"FR";3;"FRB0";"FRB";"Eure-et-Loir";725;429641;168,745534062159;
"FRB03";"FR";3;"FRB0";"FRB";"Indre";363;218129;166,415286367241;
"FRB04";"FR";3;"FRB0";"FRB";"Indre-et-Loire";689;608781;113,17698811231;
"FRB05";"FR";3;"FRB0";"FRB";"Loir-et-Cher";478;327835;145,805054371864;
"FRB06";"FR";3;"FRB0";"FRB";"Loiret";918;682187;134,567208111559;
"FRC11";"FR";3;"FRC1";"FRC";"Côte-d'Or";1233;532576;231,516253079373;
"FRC12";"FR";3;"FRC1";"FRC";"Nièvre";438;201755;217,094991450026;
"FRC13";"FR";3;"FRC1";"FRC";"Saône-et-Loire";1407;549364;256,11434313133;
"FRC14";"FR";3;"FRC1";"FRC";"Yonne";872;334626;260,589434174272;
"FRC21";"FR";3;"FRC2";"FRC";"Doubs";697;542997;128,361666823205;
"FRC22";"FR";3;"FRC2";"FRC";"Jura";642;258766;248,100600542575;
"FRC23";"FR";3;"FRC2";"FRC";"Haute-Saône";375;234567;159,869035286293;
"FRC24";"FR";3;"FRC2";"FRC";"Territoire de Belfort";850;139866;607,724536341927;
"FRD11";"FR";3;"FRD1";"FRD";"Calvados";885;693310;127,648526633108;
"FRD12";"FR";3;"FRD1";"FRD";"Manche";637;492896;129,236187755632;
"FRD13";"FR";3;"FRD1";"FRD";"Orne";540;277400;194,664744051911;
"FRD21";"FR";3;"FRD2";"FRD";"Eure";686;596993;114,909220041106;
"FRD22";"FR";3;"FRD2";"FRD";"Seine-Maritime";2172;1252833;173,367080847966;
"FRE11";"FR";3;"FRE1";"FRE";"Nord";5244;2601802;201,552616225216;
"FRE12";"FR";3;"FRE1";"FRE";"Pas-de-Calais";2474;1459364;169,525903064623;
"FRE21";"FR";3;"FRE2";"FRE";"Aisne";1454;528471;275,133356418801;
"FRE22";"FR";3;"FRE2";"FRE";"Oise";1834;829408;221,121571048266;
"FRE23";"FR";3;"FRE2";"FRE";"Somme";1153;568750;202,725274725275;
"FRF11";"FR";3;"FRF1";"FRF";"Bas-Rhin";2262;1143364;197,837259175556;
"FRF12";"FR";3;"FRF1";"FRF";"Haut-Rhin";2047;765130;267,536235672369;
"FRF21";"FR";3;"FRF2";"FRF";"Ardennes";485;267496;181,311122409307;
"FRF22";"FR";3;"FRF2";"FRF";"Aube";575;310161;185,387589026344;
"FRF23";"FR";3;"FRF2";"FRF";"Marne";1201;563834;213,005955653614;
"FRF24";"FR";3;"FRF2";"FRF";"Haute-Marne";485;170339;284,726339828225;
"FRF31";"FR";3;"FRF3";"FRF";"Meurthe-et-Moselle";1549;731533;211,747111886955;
"FRF32";"FR";3;"FRF3";"FRF";"Meuse";467;181387;257,460567736387;
"FRF33";"FR";3;"FRF3";"FRF";"Moselle";3024;1041009;290,487402126206;
"FRF34";"FR";3;"FRF3";"FRF";"Vosges";1074;361749;296,890938191951;
"FRG01";"FR";3;"FRG0";"FRG";"Loire-Atlantique";1273;1442940;88,2226565207147;
"FRG02";"FR";3;"FRG0";"FRG";"Maine-et-Loire";1090;818345;133,195657088392;
"FRG03";"FR";3;"FRG0";"FRG";"Mayenne";378;306123;123,4797777364;
"FRG04";"FR";3;"FRG0";"FRG";"Sarthe";828;563536;146,929388716959;
"FRG05";"FR";3;"FRG0";"FRG";"Vendée";490;687477;71,2751117491931;
"FRH01";"FR";3;"FRH0";"FRH";"Côtes-d'Armor";444;599271;74,0900193735389;
"FRH02";"FR";3;"FRH0";"FRH";"Finistère";607;913187;66,4705038507995;
"FRH03";"FR";3;"FRH0";"FRH";"Ille-et-Vilaine";1129;1085753;103,983134285606;
"FRH04";"FR";3;"FRH0";"FRH";"Morbihan";704;760313;92,593445068018;
"FRI11";"FR";3;"FRI1";"FRI";"Dordogne";435;411528;105,703621624774;
"FRI12";"FR";3;"FRI1";"FRI";"Gironde";1765;1636085;107,879480589334;
"FRI13";"FR";3;"FRI1";"FRI";"Landes";386;414728;93,0730502883818;
"FRI14";"FR";3;"FRI1";"FRI";"Lot-et-Garonne";375;330756;113,376628088379;
"FRI15";"FR";3;"FRI1";"FRI";"Pyrénées-Atlantiques";784;685441;114,378918097984;
"FRI21";"FR";3;"FRI2";"FRI";"Corrèze";361;239470;150,749571971437;
"FRI22";"FR";3;"FRI2";"FRI";"Creuse";155;115555;134,135260265674;
"FRI23";"FR";3;"FRI2";"FRI";"Haute-Vienne";453;371228;122,027433275507;
"FRI31";"FR";3;"FRI3";"FRI";"Charente";289;349878;82,6002206483403;
"FRI32";"FR";3;"FRI3";"FRI";"Charente-Maritime";649;650757;99,7300067459897;
"FRI33";"FR";3;"FRI3";"FRI";"Deux-Sèvres";409;374608;109,180796993123;
"FRI34";"FR";3;"FRI3";"FRI";"Vienne";436;438390;99,4548233308242;
"FRJ11";"FR";3;"FRJ1";"FRJ";"Aude";597;376059;158,75168524088;
"FRJ12";"FR";3;"FRJ1";"FRJ";"Gard";1092;749136;145,767924649196;
"FRJ13";"FR";3;"FRJ1";"FRJ";"Hérault";1664;1184031;140,536860943675;
"FRJ14";"FR";3;"FRJ1";"FRJ";"Lozère";154;76573;201,115275619344;
"FRJ15";"FR";3;"FRJ1";"FRJ";"Pyrénées-Orientales";711;478983;148,439506203769;
"FRJ21";"FR";3;"FRJ2";"FRJ";"Ariège";208;153113;135,847380692691;
"FRJ22";"FR";3;"FRJ2";"FRJ";"Aveyron";382;279334;136,753850229474;
"FRJ23";"FR";3;"FRJ2";"FRJ";"Haute-Garonne";1366;1409629;96,9049303043567;
"FRJ24";"FR";3;"FRJ2";"FRJ";"Gers";204;191322;106,62652491611;
"FRJ25";"FR";3;"FRJ2";"FRJ";"Lot";164;174146;94,173854122403;
"FRJ26";"FR";3;"FRJ2";"FRJ";"Hautes-Pyrénées";397;229205;173,207390763727;
"FRJ27";"FR";3;"FRJ2";"FRJ";"Tarn";580;389012;149,0956577175;
"FRJ28";"FR";3;"FRJ2";"FRJ";"Tarn-et-Garonne";351;261307;134,324759765334;
"FRK11";"FR";3;"FRK1";"FRK";"Allier";828;333847;248,017804563168;
"FRK12";"FR";3;"FRK1";"FRK";"Cantal";222;143821;154,35854291098;
"FRK13";"FR";3;"FRK1";"FRK";"Haute-Loire";380;227878;166,755895698576;
"FRK14";"FR";3;"FRK1";"FRK";"Puy-de-Dôme";1065;666274;159,844148203292;
"FRK21";"FR";3;"FRK2";"FRK";"Ain";782;657907;118,861784416338;
"FRK22";"FR";3;"FRK2";"FRK";"Ardèche";624;327740;190,39482516629;
"FRK23";"FR";3;"FRK2";"FRK";"Drôme";1128;520531;216,701791055672;
"FRK24";"FR";3;"FRK2";"FRK";"Isère";2417;1269323;190,416466100433;
"FRK25";"FR";3;"FRK2";"FRK";"Loire";1818;765546;237,477565032016;
"FRK26";"FR";3;"FRK2";"FRK";"Rhône";4185;1882578;222,301546071398;
"FRK27";"FR";3;"FRK2";"FRK";"Savoie";965;436834;220,90771322745;
"FRK28";"FR";3;"FRK2";"FRK";"Haute-Savoie";1417;831867;170,339729788536;
"FRL01";"FR";3;"FRL0";"FRL";"Alpes-de-Haute-Provence";359;165232;217,270262418902;
"FRL02";"FR";3;"FRL0";"FRL";"Hautes-Alpes";362;140349;257,928449793016;
"FRL03";"FR";3;"FRL0";"FRL";"Alpes-Maritimes";2391;1088178;219,725081742141;
"FRL04";"FR";3;"FRL0";"FRL";"Bouches-du-Rhône";5632;2044355;275,490313570784;
"FRL05";"FR";3;"FRL0";"FRL";"Var";2449;1079043;226,960371366109;
"FRL06";"FR";3;"FRL0";"FRL";"Vaucluse";1392;560425;248,382923673997;
"FRM01";"FR";3;"FRM0";"FRM";"Corse-du-Sud";217;161208;134,608704282666;
"FRM02";"FR";3;"FRM0";"FRM";"Haute-Corse";222;184659;120,221597647556;
"FRY10";"FR";3;"FRY1";"FRY";"Guadeloupe";1054;412682;255,402464851871;
"FRY20";"FR";3;"FRY2";"FRY";"Martinique";980;359821;272,357644495458;
"FRY30";"FR";3;"FRY3";"FRY";"Guyane";394;288086;136,764716091723;
"FRY40";"FR";3;"FRY4";"FRY";"La Réunion";830;856858;96,8655249761337;
"FRY50";"FR";3;"FRY5";"FRY";"Mayotte";162;278926;58,079920839219;
"HR031";"HR";3;"HR03";"HR0";"Primorsko-goranska zupanija";1016;281945;360,353969745872;
"HR032";"HR";3;"HR03";"HR0";"Licko-senjska zupanija";228;44346;514,13881748072;
"HR033";"HR";3;"HR03";"HR0";"Zadarska zupanija";476;168055;283,240605754069;
"HR034";"HR";3;"HR03";"HR0";"Sibensko-kninska zupanija";344;98899;347,829603939372;
"HR035";"HR";3;"HR03";"HR0";"Splitsko-dalmatinska zupanija";1322;448153;294,988541859588;
"HR036";"HR";3;"HR03";"HR0";"Istarska zupanija";453;209955;215,760520111453;
"HR037";"HR";3;"HR03";"HR0";"Dubrovacko-neretvanska zupanija";308;122449;251,533291411118;
"HR050";"HR";3;"HR04";"HR0";"Grad Zagreb (NUTS 2016)";4920;809235;607,981612263434;
"HR065";"HR";3;"HR04";"HR0";"Zagrebacka zupanija (NUTS 2016)";10;309611;3,22985940422013;
"HR064";"HR";3;"HR04";"HR0";"Krapinsko-zagorska zupanija (NUTS 2016)";592;124407;475,857467827373;
"HR062";"HR";3;"HR04";"HR0";"Varazdinska zupanija (NUTS 2016)";1020;165885;614,883805045664;
"HR063";"HR";3;"HR04";"HR0";"Koprivnicko-krizevacka zupanija (NUTS 2016)";502;105886;474,094781179759;
"HR061";"HR";3;"HR04";"HR0";"Medimurska zupanija (NUTS 2016)";351;109130;321,634747548795;
"HR021";"HR";3;"HR04";"HR0";"Bjelovarsko-bilogorska zupanija (NUTS 2016)";393;105554;372,321276313546;
"HR022";"HR";3;"HR04";"HR0";"Viroviticko-podravska zupanija (NUTS 2016)";263;72843;361,050478426204;
"HR023";"HR";3;"HR04";"HR0";"Pozesko-slavonska zupanija (NUTS 2016)";219;65614;333,770231962691;
"HR024";"HR";3;"HR04";"HR0";"Brodsko-posavska zupanija (NUTS 2016)";418;136429;306,386472084381;
"HR025";"HR";3;"HR04";"HR0";"Osjecko-baranjska zupanija (NUTS 2016)";1614;270877;595,842393411032;
"HR026";"HR";3;"HR04";"HR0";"Vukovarsko-srijemska zupanija (NUTS 2016)";456;149489;305,039166761434;
"HR027";"HR";3;"HR04";"HR0";"Karlovacka zupanija (NUTS 2016)";764;114804;665,482038953347;
"HR028";"HR";3;"HR04";"HR0";"Sisacko-moslavacka zupanija (NUTS 2016)";383;144599;264,870434788622;
"HU";"HU";0;"HU";"HU";"Ungarn";46736;9769526;478,385542962883;
"IE041";"IE";3;"IE04";"IE0";"Border";632;408887;154,565931418705;
"IE041";"IE";3;"IE04";"IE0";"Border";632;408887;154,565931418705;
"IE042";"IE";3;"IE04";"IE0";"West";642;468945;136,903048331894;
"IE042";"IE";3;"IE04";"IE0";"West";642;468945;136,903048331894;
"IE051";"IE";3;"IE05";"IE0";"Mid-West";704;488631;144,076000090048;
"IE051";"IE";3;"IE05";"IE0";"Mid-West";704;488631;144,076000090048;
"IE052";"IE";3;"IE05";"IE0";"South-East (IE)";623;439458;141,765538458738;
"IE052";"IE";3;"IE05";"IE0";"South-East (IE)";623;439458;141,765538458738;
"IE053";"IE";3;"IE05";"IE0";"South-West (IE)";816;712968;114,45113946208;
"IE053";"IE";3;"IE05";"IE0";"South-West (IE)";816;712968;114,45113946208;
"IE061";"IE";3;"IE06";"IE0";"Dublin";2495;1408815;177,099193293655;
"IE061";"IE";3;"IE06";"IE0";"Dublin";2495;1408815;177,099193293655;
"IE062";"IE";3;"IE06";"IE0";"Mid-East";1150;731935;157,11777685177;
"IE062";"IE";3;"IE06";"IE0";"Mid-East";1150;731935;157,11777685177;
"IE063";"IE";3;"IE06";"IE0";"Midland";407;304801;133,529745637317;
"IE063";"IE";3;"IE06";"IE0";"Midland";407;304801;133,529745637317;
"IS00";"IS";2;"IS00";"IS0";"Ísland";153;364134;42,0174990525466;
"ITC1";"IT";2;"ITC1";"ITC";"Piemonte";13464;4311217;312,301607643503;
"ITC2";"IT";2;"ITC2";"ITC";"Valle d'Aosta/Vallée d'Aoste";536;125034;428,683398115713;
"ITC3";"IT";2;"ITC3";"ITC";"Liguria";5349;1524826;350,794123395063;
"ITC4";"IT";2;"ITC4";"ITC";"Lombardia";40753;10027602;406,408231998039;
"ITF1";"IT";2;"ITF1";"ITF";"Abruzzo";3371;1293941;260,52192487911;
"ITF2";"IT";2;"ITF2";"ITF";"Molise";632;300516;210,304942166141;
"ITF3";"IT";2;"ITF3";"ITF";"Campania";10598;5712143;185,534570825695;
"ITF4";"IT";2;"ITF4";"ITF";"Puglia";8596;3953305;217,438320595046;
"ITF5";"IT";2;"ITF5";"ITF";"Basilicata";931;553254;168,2771385295;
"ITF6";"IT";2;"ITF6";"ITF";"Calabria";2656;1894110;140,224168606892;
"ITG1";"IT";2;"ITG1";"ITG";"Sicilia";11146;4875290;228,622297340261;
"ITG2";"IT";2;"ITG2";"ITG";"Sardegna";2501;1611621;155,185369264858;
"ITH1";"IT";2;"ITH1";"ITH";"Provincia Autonoma di Bolzano/Bozen";1485;532644;278,797846216235;
"ITH2";"IT";2;"ITH2";"ITH";"Provincia Autonoma di Trento";1567;545425;287,298895356832;
"ITH3";"IT";2;"ITH3";"ITH";"Veneto";14775;4879133;302,820193669654;
"ITH4";"IT";2;"ITH4";"ITH";"Friuli-Venezia Giulia";5149;1206216;426,87213567056;
"ITH5";"IT";2;"ITH5";"ITH";"Emilia-Romagna";17057;4464119;382,091068808874;
"ITI1";"IT";2;"ITI1";"ITI";"Toscana";10149;3692555;274,850340753218;
"ITI2";"IT";2;"ITI2";"ITI";"Umbria";1884;870165;216,510661771043;
"ITI3";"IT";2;"ITI3";"ITI";"Marche";3932;1512672;259,937382327431;
"ITI4";"IT";2;"ITI4";"ITI";"Lazio";11436;5755700;198,689994266553;
"LI000";"CH";3;"LI00";"LI0";"Liechtenstein";84;38747;216,79097736599;
"LT011";"LT";3;"LT01";"LT0";"Vilniaus apskritis";4969;820511;605,598218671048;
"LT021";"LT";3;"LT02";"LT0";"Alytaus apskritis";1001;134070;746,624897441635;
"LT022";"LT";3;"LT02";"LT0";"Kauno apskritis";3760;562841;668,039464076;
"LT023";"LT";3;"LT02";"LT0";"Klaipedos apskritis";2213;319958;691,653279492934;
"LT024";"LT";3;"LT02";"LT0";"Marijampoles apskritis";923;136671;675,344440298234;
"LT025";"LT";3;"LT02";"LT0";"Panevezio apskritis";1616;211189;765,191368868644;
"LT026";"LT";3;"LT02";"LT0";"Siauliu apskritis";2012;261452;769,5485213347;
"LT027";"LT";3;"LT02";"LT0";"Taurages apskritis";754;91822;821,153971815034;
"LT028";"LT";3;"LT02";"LT0";"Telsiu apskritis";899;130613;688,292895806696;
"LT029";"LT";3;"LT02";"LT0";"Utenos apskritis";884;124963;707,409393180381;
"LU000";"LU";3;"LU00";"LU0";"Luxemburg";1082;626108;172,813635986124;
"LV";"LV";0;"LV";"LV";"Lettland";5879;1907675;308,176183050048;
"MT00";"MT";2;"MT00";"MT0";"Malta";740;514564;143,811071120405;
"NL111";"NL";3;"NL11";"NL1";"Oost-Groningen";125;147193;84,9225166957668;
"NL112";"NL";3;"NL11";"NL1";"Delfzijl en omgeving";30;45857;65,4207645506684;
"NL113";"NL";3;"NL11";"NL1";"Overig Groningen";204;392816;51,9327114985133;
"NL124";"NL";3;"NL12";"NL1";"Noord-Friesland";326;326040;99,9877315666789;
"NL125";"NL";3;"NL12";"NL1";"Zuidwest-Friesland";152;136158;111,635012265163;
"NL126";"NL";3;"NL12";"NL1";"Zuidoost-Friesland";138;187759;73,4984741077658;
"NL131";"NL";3;"NL13";"NL1";"Noord-Drenthe";138;192369;71,7371302028913;
"NL132";"NL";3;"NL13";"NL1";"Zuidoost-Drenthe";164;167904;97,6748618258052;
"NL133";"NL";3;"NL13";"NL1";"Zuidwest-Drenthe";150;133409;112,436192460778;
"NL211";"NL";3;"NL21";"NL2";"Noord-Overijssel";429;374659;114,504122415316;
"NL212";"NL";3;"NL21";"NL2";"Zuidwest-Overijssel";171;156683;109,137557999272;
"NL213";"NL";3;"NL21";"NL2";"Twente";821;631064;130,097739690428;
"NL221";"NL";3;"NL22";"NL2";"Veluwe";1030;695500;148,094895758447;
"NL224";"NL";3;"NL22";"NL2";"Zuidwest-Gelderland";379;246565;153,712002920123;
"NL225";"NL";3;"NL22";"NL2";"Achterhoek";498;401193;124,129782922434;
"NL226";"NL";3;"NL22";"NL2";"Arnhem/Nijmegen";949;742694;127,778062028238;
"NL230";"NL";3;"NL23";"NL2";"Flevoland";333;423021;78,7194961952244;
"NL310";"NL";3;"NL31";"NL3";"Utrecht";1480;1319231;112,18656929681;
"NL321";"NL";3;"NL32";"NL3";"Kop van Noord-Holland";353;377769;93,4433476542543;
"NL323";"NL";3;"NL32";"NL3";"IJmond";250;199108;125,559997589248;
"NL324";"NL";3;"NL32";"NL3";"Agglomeratie Haarlem";353;237094;148,886095810101;
"NL325";"NL";3;"NL32";"NL3";"Zaanstreek";248;173064;143,299588591504;
"NL327";"NL";3;"NL32";"NL3";"Het Gooi en Vechtstreek";287;257075;111,640571817563;
"NL328";"NL";3;"NL32";"NL3";"Alkmaar en omgeving";234;248993;93,9785455816027;
"NL329";"NL";3;"NL32";"NL3";"Groot-Amsterdam";1652;1386424;119,155467591444;
"NL332";"NL";3;"NL33";"NL3";"Agglomeratie 's-Gravenhage";1143;883720;129,339609831168;
"NL333";"NL";3;"NL33";"NL3";"Delft en Westland";121;233311;51,862106801651;
"NL337";"NL";3;"NL33";"NL3";"Agglomeratie Leiden en Bollenstreek";340;430358;79,0039920252441;
"NL33A";"NL";3;"NL33";"NL3";"Zuidoost-Zuid-Holland";533;407573;130,77411899218;
"NL33B";"NL";3;"NL33";"NL3";"Oost-Zuid-Holland";485;334617;144,941829016458;
"NL33C";"NL";3;"NL33";"NL3";"Groot-Rijnmond";2539;1454720;174,535305763308;
"NL341";"NL";3;"NL34";"NL3";"Zeeuwsch-Vlaanderen";135;105192;128,336755646817;
"NL342";"NL";3;"NL34";"NL3";"Overig Zeeland";255;278296;91,629056831575;
"NL411";"NL";3;"NL41";"NL4";"West-Noord-Brabant";659;635904;103,631994766506;
"NL412";"NL";3;"NL41";"NL4";"Midden-Noord-Brabant";673;483183;139,28470165548;
"NL413";"NL";3;"NL41";"NL4";"Noordoost-Noord-Brabant";1156;663257;174,291413434008;
"NL414";"NL";3;"NL41";"NL4";"Zuidoost-Noord-Brabant";1212;780611;155,262992706995;
"NL421";"NL";3;"NL42";"NL4";"Noord-Limburg";515;282605;182,233152279684;
"NL422";"NL";3;"NL42";"NL4";"Midden-Limburg";407;237412;171,431941098175;
"NL423";"NL";3;"NL42";"NL4";"Zuid-Limburg";1242;597184;207,976101168149;
"NO - Ukjent fylke";"NO";3;"NO -";"NO";;14;;;
"NO020";"NO";3;"NO02";"NO0";"Innlandet";226;370603;60,9816973958657;"data for 2021"
"NO060";"NO";3;"NO06";"NO0";"Trøndelag";204;465136;43,8581404148464;
"NO071";"NO";3;"NO07";"NO0";"Nordland";120;242473;49,490046314435;
"NO074";"NO";3;"NO07";"NO0";"Troms og Finnmark";162;242168;66,8957087641637;"data for 2021"
"NO081";"NO";3;"NO08";"NO0";"Oslo";499;697010;71,5915123168965;"data for 2021"
"NO082";"NO";3;"NO08";"NO0";"Viken";875;1252384;69,8667501341442;"data for 2021"
"NO091";"NO";3;"NO09";"NO0";"Vestfold og Telemark";273;421882;64,7100374038238;"data for 2021"
"NO092";"NO";3;"NO09";"NO0";"Agder";161;308843;52,1300466580107;"data for 2021"
"NO0A1";"NO";3;"NO0A";"NO0";"Rogaland";176;482645;36,4657253260678;"data for 2021"
"NO0A2";"NO";3;"NO0A";"NO0";"Vestland";321;638821;50,2488177439377;"data for 2021"
"NO0A3";"NO";3;"NO0A";"NO0";"Møre og Romsdal";110;265544;41,4243967101497;"data for 2021"
"NO0B1";"NO";3;"NO0B";"NO0";;;;;
"NO0B2";"NO";3;"NO0B";"NO0";;;;;
"PL213";"PL";3;"PL21";"PL2";"Miasto Kraków";1864;775654;240,313335585197;
"PL214";"PL";3;"PL21";"PL2";"Krakowski";1441;729888;197,4275505283;
"PL217";"PL";3;"PL21";"PL2";"Tarnowski";985;451673;218,07812288979;
"PL218";"PL";3;"PL21";"PL2";"Nowosadecki";1285;534879;240,241250824953;
"PL219";"PL";3;"PL21";"PL2";"Nowotarski";769;335454;229,241565162437;
"PL21A";"PL";3;"PL21";"PL2";"Oswiecimski";1413;544408;259,547986069272;
"PL224";"PL";3;"PL22";"PL2";"Czestochowski";1453;508002;286,022495974425;
"PL225";"PL";3;"PL22";"PL2";"Bielski";1510;661494;228,271155898617;
"PL227";"PL";3;"PL22";"PL2";"Rybnicki";1826;621069;294,009200265993;
"PL228";"PL";3;"PL22";"PL2";"Bytomski";1008;429661;234,603559550436;
"PL229";"PL";3;"PL22";"PL2";"Gliwicki";1135;461221;246,085932774093;
"PL22A";"PL";3;"PL22";"PL2";"Katowicki";2167;729912;296,885103957737;
"PL22B";"PL";3;"PL22";"PL2";"Sosnowiecki";2027;670572;302,279248164254;
"PL22C";"PL";3;"PL22";"PL2";"Tyski";1058;393529;268,849309707798;
"PL411";"PL";3;"PL41";"PL4";"Pilski";1013;404761;250,271147664918;
"PL414";"PL";3;"PL41";"PL4";"Koninski";1752;651571;268,888578527896;
"PL415";"PL";3;"PL41";"PL4";"Miasto Poznan";1642;534756;307,05592831123;
"PL416";"PL";3;"PL41";"PL4";"Kaliski";1597;664975;240,15940448889;
"PL417";"PL";3;"PL41";"PL4";"Leszczynski";1509;554700;272,03893996755;
"PL418";"PL";3;"PL41";"PL4";"Poznanski";1653;668762;247,173134837207;
"PL424";"PL";3;"PL42";"PL4";"Miasto Szczecin";997;400748;248,784772475471;
"PL426";"PL";3;"PL42";"PL4";"Koszalinski";1004;349630;287,160712753482;
"PL427";"PL";3;"PL42";"PL4";"Szczecinecko-pyrzycki";1107;415052;266,713568420342;
"PL428";"PL";3;"PL42";"PL4";"Szczecinski";1177;506175;232,528275793945;
"PL431";"PL";3;"PL43";"PL4";"Gorzowski";1219;379827;320,935583831586;
"PL432";"PL";3;"PL43";"PL4";"Zielonogórski";1657;621584;266,577003269067;
"PL514";"PL";3;"PL51";"PL5";"Miasto Wroclaw";1135;641560;176,912525718561;
"PL515";"PL";3;"PL51";"PL5";"Jeleniogórski";1480;549282;269,442654228611;
"PL516";"PL";3;"PL51";"PL5";"Legnicko-Glogowski";1085;441445;245,783732967867;
"PL517";"PL";3;"PL51";"PL5";"Walbrzyski";1804;636689;283,3408461588;
"PL518";"PL";3;"PL51";"PL5";"Wroclawski";984;595833;165,146945536753;
"PL523";"PL";3;"PL52";"PL5";"Nyski";1044;361728;288,614649681529;
"PL524";"PL";3;"PL52";"PL5";"Opolski";1771;580505;305,079198284253;
"PL613";"PL";3;"PL61";"PL6";"Bydgosko-Torunski";2366;772834;306,14595113569;
"PL616";"PL";3;"PL61";"PL6";"Grudziadzki";1185;381815;310,359729188219;
"PL617";"PL";3;"PL61";"PL6";"Inowroclawski";1243;358014;347,193126525778;
"PL618";"PL";3;"PL61";"PL6";"Swiecki";601;185570;323,86700436493;
"PL619";"PL";3;"PL61";"PL6";"Wloclawski";1310;352743;371,375193838007;
"PL621";"PL";3;"PL62";"PL6";"Elblaski";1565;514630;304,101976177059;
"PL622";"PL";3;"PL62";"PL6";"Olsztynski";1826;604667;301,984398024036;
"PL623";"PL";3;"PL62";"PL6";"Elcki";839;279741;299,920283405007;
"PL633";"PL";3;"PL63";"PL6";"Trojmiejski";2021;749929;269,492178592907;
"PL634";"PL";3;"PL63";"PL6";"Gdanski";1300;590548;220,13451912461;
"PL636";"PL";3;"PL63";"PL6";"Slupski";878;328375;267,377236391321;
"PL637";"PL";3;"PL63";"PL6";"Chojnicki";553;222781;248,225836135038;
"PL638";"PL";3;"PL63";"PL6";"Starogardzki";1152;424502;271,376813301233;
"PL711";"PL";3;"PL71";"PL7";"Miasto Lódz";2238;680519;328,866644428738;
"PL712";"PL";3;"PL71";"PL7";"Lódzki";1113;386291;288,124755689364;
"PL713";"PL";3;"PL71";"PL7";"Piotrkowski";1876;578369;324,36039967564;
"PL714";"PL";3;"PL71";"PL7";"Sieradzki";1208;440654;274,137985811998;
"PL715";"PL";3;"PL71";"PL7";"Skierniewicki";908;356852;254,447221817448;
"PL721";"PL";3;"PL72";"PL7";"Kielecki";2316;749532;308,992811514385;
"PL722";"PL";3;"PL72";"PL7";"Sandomiersko-jedrzejowski";1309;469211;278,978966818766;
"PL811";"PL";3;"PL81";"PL8";"Bialski";1055;296622;355,671528072766;
"PL812";"PL";3;"PL81";"PL8";"Chelmsko-zamojski";2159;610382;353,712920761097;
"PL814";"PL";3;"PL81";"PL8";"Lubelski";2200;710739;309,536974895144;
"PL815";"PL";3;"PL81";"PL8";"Pulawski";1570;470549;333,652818303726;
"PL821";"PL";3;"PL82";"PL8";"Krosnienski";1543;469516;328,636297804548;
"PL822";"PL";3;"PL82";"PL8";"Przemyski";1075;382299;281,193516069882;
"PL823";"PL";3;"PL82";"PL8";"Rzeszowski";1692;635067;266,428581551238;
"PL824";"PL";3;"PL82";"PL8";"Tarnobrzeski";1759;597565;294,361282872993;
"PL841";"PL";3;"PL84";"PL8";"Bialostocki";1188;506170;234,703755655215;
"PL842";"PL";3;"PL84";"PL8";"Lomzynski";1252;380867;328,723675193703;
"PL843";"PL";3;"PL84";"PL8";"Suwalski";853;262352;325,135695554065;
"PL911";"PL";3;"PL91";"PL9";"Miasto Warszawa";3955;1789771;220,977991039077;
"PL912";"PL";3;"PL91";"PL9";"Warszawski wschodni";1215;644834;188,420585763158;
"PL913";"PL";3;"PL91";"PL9";"Warszawski zachodni";1392;647794;214,883126425994;
"PL921";"PL";3;"PL92";"PL9";"Radomski";1412;602883;234,207964065996;
"PL922";"PL";3;"PL92";"PL9";"Ciechanowski";861;336843;255,608696039401;
"PL923";"PL";3;"PL92";"PL9";"Plocki";890;324147;274,566786056943;
"PL924";"PL";3;"PL92";"PL9";"Ostrolecki";1106;379997;291,054929381021;
"PL925";"PL";3;"PL92";"PL9";"Siedlecki";1280;416909;307,021436332629;
"PL926";"PL";3;"PL92";"PL9";"Zyrardowski";614;258256;237,748590545815;
"PT11";"PT";2;"PT11";"PT1";"Norte";7230;3575338;202,218643384206;
"PT15";"PT";2;"PT15";"PT1";"Algarve";828;438406;188,866028293408;
"PT16";"PT";2;"PT16";"PT1";"Centro (PT)";4446;2217285;200,515495301687;
"PT17";"PT";2;"PT17";"PT1";"Área Metropolitana de Lisboa";9590;2863272;334,931504935612;
"PT18";"PT";2;"PT18";"PT1";"Alentejo";1373;704558;194,873949341289;
"PT20";"PT";2;"PT20";"PT2";"Região Autónoma dos Açores (PT)";156;242796;64,2514703701873;
"PT30";"PT";2;"PT30";"PT3";"Região Autónoma da Madeira (PT)";276;254254;108,552864458376;
"RO County unknown";"RO";3;"RO C";"RO";;1335;;;
"RO211";"RO";3;"RO01";"RO0";"Bacau";2020;581442;347,412123651198;
"RO216";"RO";3;"RO01";"RO0";"Vaslui";1372;372040;368,777550800989;
"RO313";"RO";3;"RO03";"RO0";"Dâmbovita";1484;487115;304,650852468103;
"RO317";"RO";3;"RO03";"RO0";"Teleorman";871;328867;264,848707836299;
"RO414";"RO";3;"RO04";"RO0";"Olt";830;389730;212,967952172017;
"RO423";"RO";3;"RO05";"RO0";"Hunedoara";1353;380105;355,954275792215;
"RO111";"RO";3;"RO06";"RO0";"Bihor";2923;560203;521,775142225229;
"RO112";"RO";3;"RO06";"RO0";"Bistrita-Nasaud";1103;277849;396,978214785729;
"RO114";"RO";3;"RO06";"RO0";"Maramures";1765;458636;384,836776877524;
"RO115";"RO";3;"RO06";"RO0";"Satu Mare";822;331217;248,175667311762;
"RO121";"RO";3;"RO07";"RO0";"Alba";1279;323879;394,90056471707;
"RO122";"RO";3;"RO07";"RO0";"Brasov";2011;553520;363,311172134702;
"RO124";"RO";3;"RO07";"RO0";"Harghita";985;301465;326,737763919526;
"RO125";"RO";3;"RO07";"RO0";"Mures";1888;533186;354,097819522643;
"RO126";"RO";3;"RO07";"RO0";"Sibiu";1852;401301;461,498974585162;
"RO321";"RO";3;"RO08";"RO0";"Bucuresti";5622;1835258;306,332951552316;
"RO322";"RO";3;"RO08";"RO0";"Ilfov";776;486744;159,426721233338;
"RO113";"RO";3;"RO11";"RO1";"Cluj";1299;709585;183,064749113919;
"RO116";"RO";3;"RO11";"RO1";"Salaj";768;209939;365,82054787343;
"RO123";"RO";3;"RO12";"RO1";"Covasna";666;201475;330,562104479464;
"RO212";"RO";3;"RO21";"RO2";"Botosani";1295;376562;343,900871569622;
"RO213";"RO";3;"RO21";"RO2";"Iasi";2394;792692;302,008850852538;
"RO214";"RO";3;"RO21";"RO2";"Neamt";1605;438460;366,053915978653;
"RO215";"RO";3;"RO21";"RO2";"Suceava";2253;623019;361,6262104366;
"RO221";"RO";3;"RO22";"RO2";"Braila";1439;285916;503,294673960184;
"RO222";"RO";3;"RO22";"RO2";"Buzau";966;409162;236,092305737092;
"RO223";"RO";3;"RO22";"RO2";"Constanta";2512;672142;373,730550984762;
"RO224";"RO";3;"RO22";"RO2";"Galati";1842;500213;368,24312842729;
"RO225";"RO";3;"RO22";"RO2";"Tulcea";534;192101;277,978771583698;
"RO226";"RO";3;"RO22";"RO2";"Vrancea";949;317567;298,83457664052;
"RO311";"RO";3;"RO31";"RO3";"Arges";1964;575027;341,549179429835;
"RO312";"RO";3;"RO31";"RO3";"Calarasi";961;280252;342,905670610736;
"RO314";"RO";3;"RO31";"RO3";"Giurgiu";506;263263;192,203234028329;
"RO315";"RO";3;"RO31";"RO3";"Ialomita";997;254405;391,894813388102;
"RO316";"RO";3;"RO31";"RO3";"Prahova";2979;712447;418,136366634992;
"RO411";"RO";3;"RO41";"RO4";"Dolj";1529;621410;246,053330329412;
"RO412";"RO";3;"RO41";"RO4";"Gorj";951;311985;304,822347228232;
"RO413";"RO";3;"RO41";"RO4";"Mehedinti";928;238907;388,435667435446;
"RO415";"RO";3;"RO41";"RO4";"Vâlcea";897;348377;257,479684364927;
"RO421";"RO";3;"RO42";"RO4";"Arad";1854;415910;445,769517443678;
"RO422";"RO";3;"RO42";"RO4";"Caras-Severin";1246;269551;462,250186421123;
"RO424";"RO";3;"RO42";"RO4";"Timis";2025;705914;286,862139014101;
"SE110";"SE";3;"SE11";"SE1";"Stockholms län";5282;2377081;222,205301375931;
"SE121";"SE";3;"SE12";"SE1";"Uppsala län";688;383713;179,300675244258;
"SE122";"SE";3;"SE12";"SE1";"Södermanlands län";596;297540;200,309202124084;
"SE123";"SE";3;"SE12";"SE1";"Östergötlands län";823;465495;176,801039753381;
"SE124";"SE";3;"SE12";"SE1";"Örebro län";478;304805;156,821574449238;
"SE125";"SE";3;"SE12";"SE1";"Västmanlands län";492;275845;178,361036089108;
"SE211";"SE";3;"SE21";"SE2";"Jönköpings län";691;363599;190,044527075157;
"SE212";"SE";3;"SE21";"SE2";"Kronobergs län";386;201469;191,592751242127;
"SE213";"SE";3;"SE21";"SE2";"Kalmar län";355;245446;144,634665058709;
"SE214";"SE";3;"SE21";"SE2";"Gotlands län";72;59686;120,631303823342;
"SE221";"SE";3;"SE22";"SE2";"Blekinge län";168;159606;105,259200781926;
"SE224";"SE";3;"SE22";"SE2";"Skåne län";2404;1377827;174,47763761343;
"SE231";"SE";3;"SE23";"SE2";"Hallands län";457;333848;136,888643933766;
"SE232";"SE";3;"SE23";"SE2";"Västra Götalands län";3105;1725881;179,908116492389;
"SE311";"SE";3;"SE31";"SE3";"Värmlands län";355;282414;125,70198361271;
"SE312";"SE";3;"SE31";"SE3";"Dalarnas län";485;287966;168,422661008591;
"SE313";"SE";3;"SE31";"SE3";"Gävleborgs län";711;287382;247,405891809508;
"SE321";"SE";3;"SE32";"SE3";"Västernorrlands län";613;245347;249,850212148508;
"SE322";"SE";3;"SE32";"SE3";"Jämtlands län";176;130810;134,546288510053;
"SE331";"SE";3;"SE33";"SE3";"Västerbottens län";328;271736;120,705390526099;
"SE332";"SE";3;"SE33";"SE3";"Norrbottens län";410;250093;163,939014686537;
"SI031";"SI";3;"SI03";"SI0";"Pomurska";665;114238;582,118034279312;
"SI032";"SI";3;"SI03";"SI0";"Podravska";1575;325994;483,137726461223;
"SI033";"SI";3;"SI03";"SI0";"Koroska";297;70755;419,758320966716;
"SI034";"SI";3;"SI03";"SI0";"Savinjska";952;257847;369,211198889264;
"SI035";"SI";3;"SI03";"SI0";"Zasavska";237;57156;414,654629435229;
"SI036";"SI";3;"SI03";"SI0";"Posavska";347;75824;457,638742350707;
"SI037";"SI";3;"SI03";"SI0";"Jugovzhodna Slovenija";538,000000000001;145357;370,123213880309;
"SI038";"SI";3;"SI03";"SI0";"Primorsko-notranjska";217;52841;410,665960144585;
"SI041";"SI";3;"SI04";"SI0";"Osrednjeslovenska";1590;555274;286,345119706668;
"SI042";"SI";3;"SI04";"SI0";"Gorenjska";642,000000000001;206621;310,7138190213;
"SI043";"SI";3;"SI04";"SI0";"Goriska";429,000000000001;118041;363,433044450658;
"SI044";"SI";3;"SI04";"SI0";"Obalno-kraska";324;115913;279,519984816198;
"SK010";"SK";3;"SK01";"SK0";"Bratislavský kraj";2198;669592;328,259596888852;
"SK021";"SK";3;"SK02";"SK0";"Trnavský kraj";2443;564917;432,452909011412;
"SK022";"SK";3;"SK02";"SK0";"Trenciansky kraj";2348;584569;401,663447770922;
"SK023";"SK";3;"SK02";"SK0";"Nitriansky kraj";2596;674306;384,988417721331;
"SK031";"SK";3;"SK03";"SK0";"Zilinský kraj";2295;691509;331,882882218453;
"SK032";"SK";3;"SK03";"SK0";"Banskobystrický kraj";2437;645276;377,667850656153;
"SK041";"SK";3;"SK04";"SK0";"Presovský kraj";2768;826244;335,009997046877;
"SK042";"SK";3;"SK04";"SK0";"Kosický kraj";2965;801460;369,949841539191;
"UKC11";"UK";3;"UKC1";"UKC";"Hartlepool and Stockton-on-Tees";1198;290998;411,686678258957;
"UKC12";"UK";3;"UKC1";"UKC";"South Teesside";1150;276988;415,180441029936;
"UKC13";"UK";3;"UKC1";"UKC";"Darlington";457;106522;429,019357503614;
"UKC14";"UK";3;"UKC1";"UKC";"Durham CC";2230;527035;423,121804054759;
"UKC21";"UK";3;"UKC2";"UKC";"Northumberland";1322;319010;414,407071878624;
"UKC22";"UK";3;"UKC2";"UKC";"Tyneside";3065;858694;356,937395626381;
"UKC23";"UK";3;"UKC2";"UKC";"Sunderland";1292;277733;465,194989432296;
"UKD11";"UK";3;"UKD1";"UKD";"West Cumbria";1113;232618;478,466842634706;
"UKD12";"UK";3;"UKD1";"UKD";"East Cumbria";1141;265465;429,811839602207;
"UKD33";"UK";3;"UKD3";"UKD";"Manchester";1600;553230;289,210635721129;
"UKD34";"UK";3;"UKD3";"UKD";"Greater Manchester South West";1755;492658;356,230894454165;
"UKD35";"UK";3;"UKD3";"UKD";"Greater Manchester South East";2216;517992;427,805834839148;
"UKD36";"UK";3;"UKD3";"UKD";"Greater Manchester North West";2781;612383;454,127563959156;
"UKD37";"UK";3;"UKD3";"UKD";"Greater Manchester North East";2990;645740;463,034657911853;
"UKD41";"UK";3;"UKD4";"UKD";"Blackburn with Darwen";673;148753;452,427850194618;
"UKD42";"UK";3;"UKD4";"UKD";"Blackpool";792;139098;569,382737350645;
"UKD44";"UK";3;"UKD4";"UKD";"Lancaster & Wyre";1140;254791;447,425537008764;
"UKD45";"UK";3;"UKD4";"UKD";"Mid Lancashire";1624;391144;415,192358824372;
"UKD46";"UK";3;"UKD4";"UKD";"East Lancashire";1481;330381;448,270330315605;
"UKD47";"UK";3;"UKD4";"UKD";"Chorley & West Lancashire";913;231151;394,979904910643;
"UKD61";"UK";3;"UKD6";"UKD";"Warrington";800;210829;379,454439379782;
"UKD62";"UK";3;"UKD6";"UKD";"Cheshire East";1522;380694;399,796161746705;
"UKD63";"UK";3;"UKD6";"UKD";"Cheshire West and Chester";1451;339824;426,98573379161;
"UKD71";"UK";3;"UKD7";"UKD";"East Merseyside";1969;457712;430,183171950921;
"UKD72";"UK";3;"UKD7";"UKD";"Liverpool";1997;496784;401,985571193919;
"UKD73";"UK";3;"UKD7";"UKD";"Sefton";1336;275562;484,827370972776;
"UKD74";"UK";3;"UKD7";"UKD";"Wirral";1330;323266;411,425884565652;
"UKE11";"UK";3;"UKE1";"UKE";"Kingston upon Hull, City of";1108;261149;424,278859961172;
"UKE12";"UK";3;"UKE1";"UKE";"East Riding of Yorkshire";1372;339625;403,974972396025;
"UKE13";"UK";3;"UKE1";"UKE";"North and North East Lincolnshire";1122;331871;338,083170870609;
"UKE21";"UK";3;"UKE2";"UKE";"York";580;210235;275,881751373463;
"UKE22";"UK";3;"UKE2";"UKE";"North Yorkshire CC";1764;613819;287,381133526333;
"UKE31";"UK";3;"UKE3";"UKE";"Barnsley, Doncaster and Rotherham";4192;820943;510,632285067295;
"UKE32";"UK";3;"UKE3";"UKE";"Sheffield";2044;584028;349,983219982603;
"UKE41";"UK";3;"UKE4";"UKE";"Bradford";1897;536986;353,268055405541;
"UKE42";"UK";3;"UKE4";"UKE";"Leeds";2204;792525;278,098482697707;
"UKE44";"UK";3;"UKE4";"UKE";"Calderdale and Kirklees";2024;651117;310,850430874943;
"UKE45";"UK";3;"UKE4";"UKE";"Wakefield";1302;343932;378,563204354349;
"UKF11";"UK";3;"UKF1";"UKF";"Derby";1047;258746;404,643936524623;
"UKF12";"UK";3;"UKF1";"UKF";"East Derbyshire";1167;285393;408,909819091569;
"UKF13";"UK";3;"UKF1";"UKF";"South and West Derbyshire";2065;510300;404,663923182442;
"UKF14";"UK";3;"UKF1";"UKF";"Nottingham";1101;331297;332,330205223712;
"UKF15";"UK";3;"UKF1";"UKF";"North Nottinghamshire";1881;475079;395,93414989928;
"UKF16";"UK";3;"UKF1";"UKF";"South Nottinghamshire";1283;349566;367,026541482867;
"UKF21";"UK";3;"UKF2";"UKF";"Leicester";1270;357394;355,350117797165;
"UKF22";"UK";3;"UKF2";"UKF";"Leicestershire CC and Rutland";2442;736439;331,595692243349;
"UKF24";"UK";3;"UKF2";"UKF";"West Northamptonshire";1274;403687;315,591039592556;
"UKF25";"UK";3;"UKF2";"UKF";"North Northamptonshire";1162;346244;335,601483347004;
"UKF30";"UK";3;"UKF3";"UKF";"Lincolnshire";2811;756920;371,373460867727;
"UKG11";"UK";3;"UKG1";"UKG";"Herefordshire, County of";521;192214;271,052056561957;
"UKG12";"UK";3;"UKG1";"UKG";"Worcestershire";2054;592158;346,866883500687;
"UKG13";"UK";3;"UKG1";"UKG";"Warwickshire";1875;568167;330,008606624461;
"UKG21";"UK";3;"UKG2";"UKG";"Telford and Wrekin";504;177450;284,023668639053;
"UKG22";"UK";3;"UKG2";"UKG";"Shropshire CC";1044;319189;327,078940690312;
"UKG23";"UK";3;"UKG2";"UKG";"Stoke-on-Trent";1153;256127;450,167299816107;
"UKG24";"UK";3;"UKG2";"UKG";"Staffordshire CC";3890;874190;444,983356021002;
"UKG31";"UK";3;"UKG3";"UKG";"Birmingham";4305;1148862;374,718634614079;
"UKG32";"UK";3;"UKG3";"UKG";"Solihull";880;215055;409,197647113529;
"UKG33";"UK";3;"UKG3";"UKG";"Coventry";1038;369461;280,94981608343;
"UKG36";"UK";3;"UKG3";"UKG";"Dudley";1272;320320;397,102897102897;
"UKG37";"UK";3;"UKG3";"UKG";"Sandwell";1593;328774;484,527365302609;
"UKG38";"UK";3;"UKG3";"UKG";"Walsall";1308;283663;461,110543144506;
"UKG39";"UK";3;"UKG3";"UKG";"Wolverhampton";1171;262242;446,534117341997;
"UKH11";"UK";3;"UKH1";"UKH";"Peterborough";590;201799;292,370130674582;
"UKH12";"UK";3;"UKH1";"UKH";"Cambridgeshire CC";1483;653412;226,962467784491;
"UKH14";"UK";3;"UKH1";"UKH";"Suffolk";1999;760472;262,863063991837;"East and West Suffolk manually added"
"UKH15";"UK";3;"UKH1";"UKH";"Norwich & East Norfolk";1259;370822;339,515994196677;
"UKH16";"UK";3;"UKH1";"UKH";"North & West Norfolk";1054;257538;409,259992700106;
"UKH17";"UK";3;"UKH1";"UKH";"Breckland & South Norfolk";882;277633;317,685577723109;
"UKH21";"UK";3;"UKH2";"UKH";"Luton";855;218045;392,120892476324;
"UKH23";"UK";3;"UKH2";"UKH";"Hertfordshire";3900;1194634;326,459819492832;
"UKH24";"UK";3;"UKH2";"UKH";"Bedford";788;173237;454,868186357418;
"UKH25";"UK";3;"UKH2";"UKH";"Central Bedfordshire";1002;285931;350,43419566259;
"UKH31";"UK";3;"UKH3";"UKH";"Southend-on-Sea";941;183453;512,937918703973;
"UKH32";"UK";3;"UKH3";"UKH";"Thurrock";696;173405;401,372509443211;
"UKH34";"UK";3;"UKH3";"UKH";"Essex Haven Gateway";2143;492514;435,114534815254;
"UKH35";"UK";3;"UKH3";"UKH";"West Essex";1094;308522;354,593837716597;
"UKH36";"UK";3;"UKH3";"UKH";"Heart of Essex";1151;319145;360,651114697081;
"UKH37";"UK";3;"UKH3";"UKH";"Essex Thames Gateway";1727;364848;473,347805113362;
"UKI31";"UK";3;"UKI3";"UKI";"Camden & City of London";437;270016;161,842261199336;
"UKI32";"UK";3;"UKI3";"UKI";"Westminster";509;253137;201,076887219174;
"UKI33";"UK";3;"UKI3";"UKI";"Kensington and Chelsea & Hammersmith and Fulham";757;339909;222,70666560756;
"UKI34";"UK";3;"UKI3";"UKI";"Wandsworth";709;327451;216,520945118506;
"UKI41";"UK";3;"UKI4";"UKI";"Hackney & Newham";1582;638859;247,628976033835;
"UKI42";"UK";3;"UKI4";"UKI";"Tower Hamlets";579;319821;181,038768561164;
"UKI43";"UK";3;"UKI4";"UKI";"Haringey & Islington";1045;516586;202,289647803076;
"UKI44";"UK";3;"UKI4";"UKI";"Lewisham & Southwark";1430;627380;227,932034811438;
"UKI45";"UK";3;"UKI4";"UKI";"Lambeth";775;328244;236,104848831967;
"UKI51";"UK";3;"UKI5";"UKI";"Bexley & Greenwich";1622;538801;301,038787975523;
"UKI52";"UK";3;"UKI5";"UKI";"Barking & Dagenham and Havering";1970;476061;413,812515622998;
"UKI53";"UK";3;"UKI5";"UKI";"Redbridge & Waltham Forest";1893;587575;322,171637663277;
"UKI54";"UK";3;"UKI5";"UKI";"Enfield";919;338201;271,731899077767;
"UKI61";"UK";3;"UKI6";"UKI";"Bromley";984;334536;294,138747399383;
"UKI62";"UK";3;"UKI6";"UKI";"Croydon";1274;389473;327,108682758497;
"UKI63";"UK";3;"UKI6";"UKI";"Merton, Kingston upon Thames & Sutton";1782;592763;300,626051221146;
"UKI71";"UK";3;"UKI7";"UKI";"Barnet";1124;395839;283,953829713596;
"UKI72";"UK";3;"UKI7";"UKI";"Brent";1046;331616;315,425069960436;
"UKI73";"UK";3;"UKI7";"UKI";"Ealing";1010;344837;292,892004048289;
"UKI74";"UK";3;"UKI7";"UKI";"Harrow & Hillingdon";1734;559903;309,696501001066;
"UKI75";"UK";3;"UKI7";"UKI";"Hounslow & Richmond upon Thames";1341;471248;284,563541914236;
"UKJ11";"UK";3;"UKJ1";"UKJ";"Berkshire";2404;915157;262,6871673385;
"UKJ12";"UK";3;"UKJ1";"UKJ";"Milton Keynes";767;271677;282,3205497705;
"UKJ13";"UK";3;"UKJ1";"UKJ";"Buckinghamshire CC";1677;543128;308,766994152391;
"UKJ14";"UK";3;"UKJ1";"UKJ";"Oxfordshire";1402;687466;203,937358356631;
"UKJ21";"UK";3;"UKJ2";"UKJ";"Brighton and Hove";654;292169;223,843049741759;
"UKJ22";"UK";3;"UKJ2";"UKJ";"East Sussex CC";2207;558626;395,07649124817;
"UKJ25";"UK";3;"UKJ2";"UKJ";"West Surrey";2361;791570;298,267999039883;
"UKJ26";"UK";3;"UKJ2";"UKJ";"East Surrey";1565;404293;387,095497572305;
"UKJ27";"UK";3;"UKJ2";"UKJ";"West Sussex (South West)";1406;457549;307,289492491515;
"UKJ28";"UK";3;"UKJ2";"UKJ";"West Sussex (North East)";1174;405631;289,425610961687;
"UKJ31";"UK";3;"UKJ3";"UKJ";"Portsmouth";631;216023;292,098526545785;
"UKJ32";"UK";3;"UKJ3";"UKJ";"Southampton";578;254361;227,236093583529;
"UKJ34";"UK";3;"UKJ3";"UKJ";"Isle of Wight";498;141606;351,680013558747;
"UKJ35";"UK";3;"UKJ3";"UKJ";"South Hampshire";1523;460523;330,71095254743;
"UKJ36";"UK";3;"UKJ3";"UKJ";"Central Hampshire";1413;551640;256,145312160104;
"UKJ37";"UK";3;"UKJ3";"UKJ";"North Hampshire";1035;368897;280,566120082299;
"UKJ41";"UK";3;"UKJ4";"UKJ";"Medway";1129;280894;401,93097752177;
"UKJ43";"UK";3;"UKJ4";"UKJ";"Kent Thames Gateway";1516;366135;414,054925095934;
"UKJ44";"UK";3;"UKJ4";"UKJ";"East Kent";2465;538428;457,814229572013;
"UKJ45";"UK";3;"UKJ4";"UKJ";"Mid Kent";1129;300082;376,230496997487;
"UKJ46";"UK";3;"UKJ4";"UKJ";"West Kent";1040;369178;281,706927281691;
"UKK11";"UK";3;"UKK1";"UKK";"Bristol, City of";916;467099;196,104037902029;
"UKK12";"UK";3;"UKK1";"UKK";"Bath and North East Somerset, North Somerset and South Gloucestershire";1645;690838;238,116606208692;
"UKK13";"UK";3;"UKK1";"UKK";"Gloucestershire";1726;635249;271,704481234917;
"UKK14";"UK";3;"UKK1";"UKK";"Swindon";519;222517;233,240606335696;
"UKK15";"UK";3;"UKK1";"UKK";"Wiltshire CC";1166;500865;232,797260738922;
"UKK23";"UK";3;"UKK2";"UKK";"Somerset";1266;560631;225,816981222943;"Somerset West and Taunton manually added"
"UKK24";"UK";3;"UKK2";"UKK";"Bournemouth, Christchurch and Poole";1000;348309;287,101395599884;"old NUTS3"
"UKK25";"UK";3;"UKK2";"UKK";"Dorset";615;427063;144,006856131297;"old NUTS3"
"UKK30";"UK";3;"UKK3";"UKK";"Cornwall and Isles of Scilly";1188;568612;208,929815058423;
"UKK41";"UK";3;"UKK4";"UKK";"Plymouth";520;264135;196,869025309028;
"UKK42";"UK";3;"UKK4";"UKK";"Torbay";392;136051;288,127246400247;
"UKK43";"UK";3;"UKK4";"UKK";"Devon CC";1765;795012;222,009227533672;
"UKL1";"UK";2;"UKL1";"UKL";"West Wales and The Valleys";6475;1968383;328,950209385064;
"UKL2";"UK";2;"UKL2";"UKL";"East Wales";3929;1168000;336,38698630137;
"UKM50";"UK";3;"UKM5";"UKM";"Aberdeen City and Aberdeenshire";859;495365;173,407487408275;
"UKM61";"UK";3;"UKM6";"UKM";"Caithness & Sutherland and Ross & Cromarty";488;194929;250,347562445814;"merge UKM61 and UKM63"
"UKM62";"UK";3;"UKM6";"UKM";"Inverness & Nairn and Moray, Badenoch & Strathspey";90;204193;44,0759477553099;
"UKM64";"UK";3;"UKM6";"UKM";"Eilean Siar (Western Isles)";38;26688;142,386091127098;
"UKM65";"UK";3;"UKM6";"UKM";"Orkney Islands";17;22055;77,0800272047155;
"UKM66";"UK";3;"UKM6";"UKM";"Shetland Islands";21;23125;90,8108108108108;
"UKM71";"UK";3;"UKM7";"UKM";"Angus and Dundee City";780;265465;293,824044600983;
"UKM72";"UK";3;"UKM7";"UKM";"Clackmannanshire and Fife";1023;423970;241,290657357832;
"UKM73";"UK";3;"UKM7";"UKM";"East Lothian and Midlothian";500;197947;252,592865767099;
"UKM75";"UK";3;"UKM7";"UKM";"Edinburgh, City of";1151;520483;221,140748112811;
"UKM76";"UK";3;"UKM7";"UKM";"Falkirk";492;161029;305,535027852126;
"UKM77";"UK";3;"UKM7";"UKM";"Perth & Kinross and Stirling";660;246780;267,444687575979;
"UKM78";"UK";3;"UKM7";"UKM";"West Lothian";433;183025;236,579702226472;
"UKM81";"UK";3;"UKM8";"UKM";"East Dunbartonshire, West Dunbartonshire and Helensburgh & Lomond";713;223516;318,992823779953;
"UKM82";"UK";3;"UKM8";"UKM";"Glasgow City";2146;627479;342,003477407212;
"UKM83";"UK";3;"UKM8";"UKM";"Inverclyde, East Renfrewshire and Renfrewshire";1275;351257;362,98209003664;
"UKM84";"UK";3;"UKM8";"UKM";"North Lanarkshire";1192;339746;350,850341137203;
"UKM91";"UK";3;"UKM9";"UKM";"Scottish Borders";269;115230;233,446151175909;
"UKM92";"UK";3;"UKM9";"UKM";"Dumfries & Galloway";294;148871;197,486414412478;
"UKM93";"UK";3;"UKM9";"UKM";"East Ayrshire and North Ayrshire mainland";966;251307;384,390406952453;
"UKM94";"UK";3;"UKM9";"UKM";"South Ayrshire";418;112461;371,684406149687;
"UKM95";"UK";3;"UKM9";"UKM";"South Lanarkshire";1128;319317;353,253976455998;
"UKN06";"UK";3;"UKN0";"UKN";"Belfast";893;341506;261,488817180372;
"UKN0C";"UK";3;"UKN0";"UKN";"Causeway Coast and Glens (NUTS 2016)";387;144367;268,066801969979;"NUTS 2016: UKN12"
"UKN07";"UK";3;"UKN0";"UKN";"Armagh City, Banbridge and Craigavon";572;215246;265,742452821423;
"UKN08";"UK";3;"UKN0";"UKN";"Newry, Mourne and Down";368;180825;203,511682566017;
"UKN09";"UK";3;"UKN0";"UKN";"Ards and North Down";365;160975;226,743283118497;
"UKN0A";"UK";3;"UKN0";"UKN";"Derry City and Strabane (NUTS 2016)";322;150557;213,87248683223;"NUTS 2016: UKN10"
"UKN0B";"UK";3;"UKN0";"UKN";"Mid Ulster (NUTS 2016)";372;148378;250,7110218496;"NUTS 2016: UKN11"
"UKN0D";"UK";3;"UKN0";"UKN";"Antrim and Newtownabbey (NUTS 2016)";403;142565;282,678076666784;"NUTS 2016: UKN13"
"UKN0E";"UK";3;"UKN0";"UKN";"Lisburn and Castlereagh (NUTS 2016)";376;144771;259,720524138122;"NUTS 2016: UKN14"
"UKN0F";"UK";3;"UKN0";"UKN";"Mid and East Antrim (NUTS 2016)";391;138948;281,400236059533;"NUTS 2016: UKN15"
"UKN0G";"UK";3;"UKN0";"UKN";"Fermanagh and Omagh (NUTS 2016)";196;117051;167,4483772031;"NUTS 2016: UKN16"
